<?xml version="1.0" encoding="UTF-8" standalone="yes"?>
<F_entailment_graph problem="no" nodeNum="13">
	<node implicit_focus="seating" focus="" implicit_context="" explicit_context="317673.txt" modality="FALSE" id ="317673.txt_15_0">
		<original_text>my journey has been very uncomfortable with the person next to me taking up most of the space</original_text>
		<correct_text></correct_text>
		<modifiers>with the person next to me taking up most of the spacepoz=6 7 8 9 10 11 12 13 14 15 16 17;verypoz=4</modifiers>
	</node>
	<node implicit_focus="seating" focus="" implicit_context="" explicit_context="317673.txt" modality="FALSE" id ="317673.txt_15_1">
		<original_text>my journey has been very uncomfortable</original_text>
		<correct_text></correct_text>
		<modifiers>verypoz=4</modifiers>
	</node>
	<node implicit_focus="seating" focus="" implicit_context="" explicit_context="317673.txt" modality="FALSE" id ="317673.txt_15_2">
		<original_text>my journey has been uncomfortable with the person next to me taking up most of the space</original_text>
		<correct_text></correct_text>
		<modifiers>with the person next to me taking up most of the spacepoz=6 7 8 9 10 11 12 13 14 15 16 17</modifiers>
	</node>
	<node implicit_focus="seating" focus="" implicit_context="" explicit_context="317673.txt" modality="FALSE" id ="317673.txt_15_3">
		<original_text>my journey has been uncomfortable</original_text>
		<correct_text></correct_text>
		<modifiers> </modifiers>
	</node>
	<node implicit_focus="" focus="seating space" implicit_context="" explicit_context="317673.txt" modality="TRUE" id ="317673.txt_16_0">
		<original_text>service would improve with more seating space</original_text>
		<correct_text></correct_text>
		<modifiers></modifiers>
	</node>
	<node implicit_focus="" focus="Seating" implicit_context="" explicit_context="317673.txt" modality="FALSE" id ="317673.txt_1_0">
		<original_text>Seating is very cramped</original_text>
		<correct_text></correct_text>
		<modifiers>verypoz=2</modifiers>
	</node>
	<node implicit_focus="" focus="Seating" implicit_context="" explicit_context="317673.txt" modality="FALSE" id ="317673.txt_1_1">
		<original_text>Seating is cramped</original_text>
		<correct_text></correct_text>
		<modifiers> </modifiers>
	</node>
	<node implicit_focus="" focus="seats" implicit_context="" explicit_context="327999.txt" modality="FALSE" id ="327999.txt_1_0">
		<original_text>seats are too small</original_text>
		<correct_text></correct_text>
		<modifiers>toopoz=2</modifiers>
	</node>
	<node implicit_focus="" focus="seats" implicit_context="" explicit_context="327999.txt" modality="FALSE" id ="327999.txt_1_1">
		<original_text>seats are small</original_text>
		<correct_text></correct_text>
		<modifiers> </modifiers>
	</node>
	<node implicit_focus="" focus="Spaces" implicit_context="" explicit_context="443092.txt" modality="FALSE" id ="443092.txt_1_0">
		<original_text>Spaces between seats are very narrow</original_text>
		<correct_text></correct_text>
		<modifiers>verypoz=4</modifiers>
	</node>
	<node implicit_focus="" focus="Spaces" implicit_context="" explicit_context="443092.txt" modality="FALSE" id ="443092.txt_1_1">
		<original_text>Spaces between seats are narrow</original_text>
		<correct_text></correct_text>
		<modifiers></modifiers>
	</node>
	<node implicit_focus="" focus="seats" implicit_context="" explicit_context="72187.txt" modality="FALSE" id ="72187.txt_2_0">
		<original_text>make some space in seats</original_text>
		<correct_text></correct_text>
		<modifiers>somepoz=1</modifiers>
	</node>
	<node implicit_focus="" focus="seats" implicit_context="" explicit_context="72187.txt" modality="FALSE" id ="72187.txt_2_1">
		<original_text>make space in seats</original_text>
		<correct_text></correct_text>
		<modifiers> </modifiers>
	</node>
	<edge target="317673.txt_15_1" source="317673.txt_15_0" id="317673.txt_15_1-317673.txt_15_0">
		<entailment_mod_insensitive> </entailment_mod_insensitive>
		<entailment type="direct">yes</entailment>
	</edge>
	<edge target="317673.txt_15_2" source="317673.txt_15_0" id="317673.txt_15_2-317673.txt_15_0">
		<entailment_mod_insensitive> </entailment_mod_insensitive>
		<entailment type="direct">yes</entailment>
	</edge>
	<edge target="317673.txt_15_3" source="317673.txt_15_1" id="317673.txt_15_3-317673.txt_15_1">
		<entailment_mod_insensitive> </entailment_mod_insensitive>
		<entailment type="direct">yes</entailment>
	</edge>
	<edge target="317673.txt_15_3" source="317673.txt_15_2" id="317673.txt_15_3-317673.txt_15_2">
		<entailment_mod_insensitive> </entailment_mod_insensitive>
		<entailment type="direct">yes</entailment>
	</edge>
	<edge target="72187.txt_2_1" source="317673.txt_16_0" id="72187.txt_2_1-317673.txt_16_0">
		<entailment_mod_insensitive> </entailment_mod_insensitive>
		<entailment type="direct">yes</entailment>
	</edge>
	<edge target="317673.txt_1_1" source="317673.txt_16_0" id="317673.txt_1_1-317673.txt_16_0">
		<entailment_mod_insensitive> </entailment_mod_insensitive>
		<entailment type="direct">yes</entailment>
	</edge>
	<edge target="327999.txt_1_1" source="317673.txt_16_0" id="327999.txt_1_1-317673.txt_16_0">
		<entailment_mod_insensitive> </entailment_mod_insensitive>
		<entailment type="direct">yes</entailment>
	</edge>
	<edge target="317673.txt_1_1" source="317673.txt_1_0" id="317673.txt_1_1-317673.txt_1_0">
		<entailment_mod_insensitive> </entailment_mod_insensitive>
		<entailment type="direct">yes</entailment>
	</edge>
	<edge target="327999.txt_1_0" source="317673.txt_1_0" id="327999.txt_1_0-317673.txt_1_0">
		<entailment_mod_insensitive> </entailment_mod_insensitive>
		<entailment type="direct">yes</entailment>
	</edge>
	<edge target="72187.txt_2_1" source="317673.txt_1_1" id="72187.txt_2_1-317673.txt_1_1">
		<entailment_mod_insensitive> </entailment_mod_insensitive>
		<entailment type="direct">yes</entailment>
	</edge>
	<edge target="327999.txt_1_1" source="317673.txt_1_1" id="327999.txt_1_1-317673.txt_1_1">
		<entailment_mod_insensitive> </entailment_mod_insensitive>
		<entailment type="direct">yes</entailment>
	</edge>
	<edge target="327999.txt_1_1" source="327999.txt_1_0" id="327999.txt_1_1-327999.txt_1_0">
		<entailment_mod_insensitive> </entailment_mod_insensitive>
		<entailment type="direct">yes</entailment>
	</edge>
	<edge target="72187.txt_2_0" source="327999.txt_1_0" id="72187.txt_2_0-327999.txt_1_0">
		<entailment_mod_insensitive> </entailment_mod_insensitive>
		<entailment type="direct">yes</entailment>
	</edge>
	<edge target="317673.txt_1_0" source="327999.txt_1_0" id="317673.txt_1_0-327999.txt_1_0">
		<entailment_mod_insensitive> </entailment_mod_insensitive>
		<entailment type="direct">yes</entailment>
	</edge>
	<edge target="72187.txt_2_1" source="327999.txt_1_1" id="72187.txt_2_1-327999.txt_1_1">
		<entailment_mod_insensitive> </entailment_mod_insensitive>
		<entailment type="direct">yes</entailment>
	</edge>
	<edge target="317673.txt_1_1" source="327999.txt_1_1" id="317673.txt_1_1-327999.txt_1_1">
		<entailment_mod_insensitive> </entailment_mod_insensitive>
		<entailment type="direct">yes</entailment>
	</edge>
	<edge target="443092.txt_1_1" source="443092.txt_1_0" id="443092.txt_1_1-443092.txt_1_0">
		<entailment_mod_insensitive> </entailment_mod_insensitive>
		<entailment type="direct">yes</entailment>
	</edge>
	<edge target="72187.txt_2_0" source="443092.txt_1_0" id="72187.txt_2_0-443092.txt_1_0">
		<entailment_mod_insensitive> </entailment_mod_insensitive>
		<entailment type="direct">yes</entailment>
	</edge>
	<edge target="317673.txt_1_0" source="443092.txt_1_0" id="317673.txt_1_0-443092.txt_1_0">
		<entailment_mod_insensitive> </entailment_mod_insensitive>
		<entailment type="direct">yes</entailment>
	</edge>
	<edge target="327999.txt_1_0" source="443092.txt_1_0" id="327999.txt_1_0-443092.txt_1_0">
		<entailment_mod_insensitive> </entailment_mod_insensitive>
		<entailment type="direct">yes</entailment>
	</edge>
	<edge target="72187.txt_2_1" source="443092.txt_1_1" id="72187.txt_2_1-443092.txt_1_1">
		<entailment_mod_insensitive> </entailment_mod_insensitive>
		<entailment type="direct">yes</entailment>
	</edge>
	<edge target="317673.txt_1_1" source="443092.txt_1_1" id="317673.txt_1_1-443092.txt_1_1">
		<entailment_mod_insensitive> </entailment_mod_insensitive>
		<entailment type="direct">yes</entailment>
	</edge>
	<edge target="327999.txt_1_1" source="443092.txt_1_1" id="327999.txt_1_1-443092.txt_1_1">
		<entailment_mod_insensitive> </entailment_mod_insensitive>
		<entailment type="direct">yes</entailment>
	</edge>
	<edge target="72187.txt_2_1" source="72187.txt_2_0" id="72187.txt_2_1-72187.txt_2_0">
		<entailment_mod_insensitive> </entailment_mod_insensitive>
		<entailment type="direct">yes</entailment>
	</edge>
	<edge target="327999.txt_1_0" source="72187.txt_2_0" id="327999.txt_1_0-72187.txt_2_0">
		<entailment_mod_insensitive> </entailment_mod_insensitive>
		<entailment type="direct">yes</entailment>
	</edge>
	<edge target="317673.txt_1_1" source="72187.txt_2_1" id="317673.txt_1_1-72187.txt_2_1">
		<entailment_mod_insensitive> </entailment_mod_insensitive>
		<entailment type="direct">yes</entailment>
	</edge>
	<edge target="327999.txt_1_1" source="72187.txt_2_1" id="327999.txt_1_1-72187.txt_2_1">
		<entailment_mod_insensitive> </entailment_mod_insensitive>
		<entailment type="direct">yes</entailment>
	</edge>
</F_entailment_graph>
