<?xml version="1.0" encoding="UTF-8" standalone="yes"?>
<F_entailment_graph problem="no" nodeNum="40">
	<node implicit_focus="" focus="Tickets" implicit_context="" explicit_context="0.txt" modality="FALSE" id ="0.txt_1_0">
		<original_text>Tickets are way too expensive</original_text>
		<correct_text></correct_text>
		<modifiers>way toopoz=2 3</modifiers>
	</node>
	<node implicit_focus="" focus="Tickets" implicit_context="" explicit_context="0.txt" modality="FALSE" id ="0.txt_1_1">
		<original_text>Tickets are expensive</original_text>
		<correct_text></correct_text>
		<modifiers> </modifiers>
	</node>
	<node implicit_focus="" focus="price" implicit_context="" explicit_context="11.txt" modality="FALSE" id ="11.txt_3_0">
		<original_text>price paid for a single journey Moonport - Stars Bridge at 200$</original_text>
		<correct_text></correct_text>
		<modifiers>Moonport - Stars Bridgepoz=6 7 8 9</modifiers>
	</node>
	<node implicit_focus="" focus="price" implicit_context="" explicit_context="11.txt" modality="FALSE" id ="11.txt_3_1">
		<original_text>price paid for a single journey at 200$</original_text>
		<correct_text></correct_text>
		<modifiers> </modifiers>
	</node>
	<node implicit_focus="" focus="tickets" implicit_context="" explicit_context="12.txt" modality="FALSE" id ="12.txt_1_0">
		<original_text>semi - flexible tickets that are much cheaper</original_text>
		<correct_text></correct_text>
		<modifiers>muchpoz=6</modifiers>
	</node>
	<node implicit_focus="" focus="tickets" implicit_context="" explicit_context="12.txt" modality="FALSE" id ="12.txt_1_1">
		<original_text>semi - flexible tickets that are cheaper</original_text>
		<correct_text></correct_text>
		<modifiers> </modifiers>
	</node>
	<node implicit_focus="" focus="tickets" implicit_context="" explicit_context="13.txt" modality="FALSE" id ="13.txt_1_0">
		<original_text>Cheap flexible tickets</original_text>
		<correct_text></correct_text>
		<modifiers></modifiers>
	</node>
	<node implicit_focus="" focus="tickets" implicit_context="" explicit_context="13.txt" modality="FALSE" id ="13.txt_2_0">
		<original_text>Same day cheap standby tickets</original_text>
		<correct_text></correct_text>
		<modifiers></modifiers>
	</node>
	<node implicit_focus="" focus="tickets" implicit_context="" explicit_context="18.txt" modality="FALSE" id ="18.txt_1_0">
		<original_text>Slightly cheaper tickets</original_text>
		<correct_text></correct_text>
		<modifiers>Slightlypoz=0</modifiers>
	</node>
	<node implicit_focus="" focus="tickets" implicit_context="" explicit_context="18.txt" modality="FALSE" id ="18.txt_1_1">
		<original_text>cheaper tickets</original_text>
		<correct_text></correct_text>
		<modifiers> </modifiers>
	</node>
	<node implicit_focus="" focus="tickets" implicit_context="" explicit_context="19.txt" modality="FALSE" id ="19.txt_3_0">
		<original_text>cheaper standard tickets on friday</original_text>
		<correct_text></correct_text>
		<modifiers>standardpoz=1;on fridaypoz=3 4</modifiers>
	</node>
	<node implicit_focus="" focus="tickets" implicit_context="" explicit_context="19.txt" modality="FALSE" id ="19.txt_3_1">
		<original_text>cheaper tickets on friday</original_text>
		<correct_text></correct_text>
		<modifiers>on fridaypoz=3 4</modifiers>
	</node>
	<node implicit_focus="" focus="tickets" implicit_context="" explicit_context="19.txt" modality="FALSE" id ="19.txt_3_2">
		<original_text>cheaper standard tickets</original_text>
		<correct_text></correct_text>
		<modifiers>standardpoz=1</modifiers>
	</node>
	<node implicit_focus="" focus="tickets" implicit_context="" explicit_context="19.txt" modality="FALSE" id ="19.txt_3_3">
		<original_text>cheaper tickets</original_text>
		<correct_text></correct_text>
		<modifiers> </modifiers>
	</node>
	<node implicit_focus="" focus="ticket" implicit_context="" explicit_context="2.txt" modality="TRUE" id ="2.txt_1_0">
		<original_text>ticket prices can sometimes be too expensive</original_text>
		<correct_text></correct_text>
		<modifiers>toopoz=5</modifiers>
	</node>
	<node implicit_focus="" focus="ticket" implicit_context="" explicit_context="2.txt" modality="TRUE" id ="2.txt_1_1">
		<original_text>ticket prices can sometimes be expensive</original_text>
		<correct_text></correct_text>
		<modifiers></modifiers>
	</node>
	<node implicit_focus="" focus="tickets" implicit_context="" explicit_context="24.txt" modality="FALSE" id ="24.txt_1_0">
		<original_text>Selling cheaper tickets</original_text>
		<correct_text></correct_text>
		<modifiers></modifiers>
	</node>
	<node implicit_focus="" focus="tickets" implicit_context="" explicit_context="25.txt" modality="FALSE" id ="25.txt_1_0">
		<original_text>tickets are too expensive</original_text>
		<correct_text></correct_text>
		<modifiers>toopoz=2</modifiers>
	</node>
	<node implicit_focus="" focus="tickets" implicit_context="" explicit_context="25.txt" modality="FALSE" id ="25.txt_1_1">
		<original_text>tickets are expensive</original_text>
		<correct_text></correct_text>
		<modifiers> </modifiers>
	</node>
	<node implicit_focus="" focus="tickets" implicit_context="" explicit_context="26.txt" modality="TRUE" id ="26.txt_1_0">
		<original_text>you must make cheaper tickets available at the last minute</original_text>
		<correct_text></correct_text>
		<modifiers>at the last minutepoz=6 7 8 9</modifiers>
	</node>
	<node implicit_focus="" focus="tickets" implicit_context="" explicit_context="26.txt" modality="TRUE" id ="26.txt_1_1">
		<original_text>you must make cheaper tickets available</original_text>
		<correct_text></correct_text>
		<modifiers> </modifiers>
	</node>
	<node implicit_focus="" focus="fares" implicit_context="" explicit_context="272237.txt" modality="FALSE" id ="272237.txt_5_0">
		<original_text>Lower the fares</original_text>
		<correct_text></correct_text>
		<modifiers></modifiers>
	</node>
	<node implicit_focus="" focus="tickets" implicit_context="" explicit_context="3.txt" modality="FALSE" id ="3.txt_1_0">
		<original_text>Lower the price of the tickets</original_text>
		<correct_text></correct_text>
		<modifiers></modifiers>
	</node>
	<node implicit_focus="" focus="Ticket" implicit_context="" explicit_context="30.txt" modality="FALSE" id ="30.txt_1_0">
		<original_text>Ticket was expensive</original_text>
		<correct_text></correct_text>
		<modifiers></modifiers>
	</node>
	<node implicit_focus="" focus="tickets" implicit_context="" explicit_context="34.txt" modality="FALSE" id ="34.txt_1_0">
		<original_text>tickets not cheap</original_text>
		<correct_text></correct_text>
		<modifiers></modifiers>
	</node>
	<node implicit_focus="" focus="Tickets" implicit_context="" explicit_context="35.txt" modality="FALSE" id ="35.txt_1_0">
		<original_text>Tickets always very expensive</original_text>
		<correct_text></correct_text>
		<modifiers>verypoz=2;alwayspoz=1</modifiers>
	</node>
	<node implicit_focus="" focus="Tickets" implicit_context="" explicit_context="35.txt" modality="FALSE" id ="35.txt_1_1">
		<original_text>Tickets always expensive</original_text>
		<correct_text></correct_text>
		<modifiers>alwayspoz=1</modifiers>
	</node>
	<node implicit_focus="" focus="Tickets" implicit_context="" explicit_context="35.txt" modality="FALSE" id ="35.txt_1_2">
		<original_text>Tickets very expensive</original_text>
		<correct_text></correct_text>
		<modifiers>verypoz=2</modifiers>
	</node>
	<node implicit_focus="" focus="Tickets" implicit_context="" explicit_context="35.txt" modality="FALSE" id ="35.txt_1_3">
		<original_text>Tickets expensive</original_text>
		<correct_text></correct_text>
		<modifiers> </modifiers>
	</node>
	<node implicit_focus="" focus="special deals" implicit_context="" explicit_context="35.txt" modality="FALSE" id ="35.txt_2_0">
		<original_text>Not enough special deals</original_text>
		<correct_text></correct_text>
		<modifiers></modifiers>
	</node>
	<node implicit_focus="" focus="ticket" implicit_context="" explicit_context="36.txt" modality="FALSE" id ="36.txt_1_0">
		<original_text>Reduce ticket prices</original_text>
		<correct_text></correct_text>
		<modifiers></modifiers>
	</node>
	<node implicit_focus="" focus="tickets" implicit_context="" explicit_context="387881.txt" modality="FALSE" id ="387881.txt_1_0">
		<original_text>Prices are quite high on tickets</original_text>
		<correct_text></correct_text>
		<modifiers>quitepoz=2</modifiers>
	</node>
	<node implicit_focus="" focus="tickets" implicit_context="" explicit_context="387881.txt" modality="FALSE" id ="387881.txt_1_1">
		<original_text>Prices are high on tickets</original_text>
		<correct_text></correct_text>
		<modifiers> </modifiers>
	</node>
	<node implicit_focus="" focus="tickets" implicit_context="" explicit_context="5.txt" modality="FALSE" id ="5.txt_1_0">
		<original_text>make more offers for cheaper tickets</original_text>
		<correct_text></correct_text>
		<modifiers>cheaperpoz=4</modifiers>
	</node>
	<node implicit_focus="" focus="tickets" implicit_context="" explicit_context="5.txt" modality="FALSE" id ="5.txt_1_1">
		<original_text>make more offers for tickets</original_text>
		<correct_text></correct_text>
		<modifiers> </modifiers>
	</node>
	<node implicit_focus="" focus="tickets" implicit_context="" explicit_context="513573.txt" modality="FALSE" id ="513573.txt_1_0">
		<original_text>The tickets are expensive</original_text>
		<correct_text></correct_text>
		<modifiers></modifiers>
	</node>
	<node implicit_focus="" focus="Ticket" implicit_context="" explicit_context="530848.txt" modality="FALSE" id ="530848.txt_1_0">
		<original_text>Ticket Prices are too high</original_text>
		<correct_text></correct_text>
		<modifiers>toopoz=3</modifiers>
	</node>
	<node implicit_focus="" focus="Ticket" implicit_context="" explicit_context="530848.txt" modality="FALSE" id ="530848.txt_1_1">
		<original_text>Ticket Prices are high</original_text>
		<correct_text></correct_text>
		<modifiers> </modifiers>
	</node>
	<node implicit_focus="" focus="prices" implicit_context="" explicit_context="6.txt" modality="FALSE" id ="6.txt_7_0">
		<original_text>decrease your prices</original_text>
		<correct_text></correct_text>
		<modifiers></modifiers>
	</node>
	<node implicit_focus="" focus="ticket" implicit_context="" explicit_context="7.txt" modality="FALSE" id ="7.txt_1_0">
		<original_text>lower the price of ticket</original_text>
		<correct_text>lower the price of tickets</correct_text>
		<modifiers></modifiers>
	</node>
	<edge target="25.txt_1_0" source="0.txt_1_0" id="25.txt_1_0-0.txt_1_0">
		<entailment_mod_insensitive> </entailment_mod_insensitive>
		<entailment type="direct">yes</entailment>
	</edge>
	<edge target="35.txt_1_2" source="0.txt_1_0" id="35.txt_1_2-0.txt_1_0">
		<entailment_mod_insensitive> </entailment_mod_insensitive>
		<entailment type="direct">yes</entailment>
	</edge>
	<edge target="530848.txt_1_0" source="0.txt_1_0" id="530848.txt_1_0-0.txt_1_0">
		<entailment_mod_insensitive> </entailment_mod_insensitive>
		<entailment type="direct">yes</entailment>
	</edge>
	<edge target="35.txt_1_3" source="0.txt_1_1" id="35.txt_1_3-0.txt_1_1">
		<entailment_mod_insensitive> </entailment_mod_insensitive>
		<entailment type="direct">yes</entailment>
	</edge>
	<edge target="7.txt_1_0" source="0.txt_1_1" id="7.txt_1_0-0.txt_1_1">
		<entailment_mod_insensitive> </entailment_mod_insensitive>
		<entailment type="direct">yes</entailment>
	</edge>
	<edge target="18.txt_1_1" source="0.txt_1_1" id="18.txt_1_1-0.txt_1_1">
		<entailment_mod_insensitive> </entailment_mod_insensitive>
		<entailment type="direct">yes</entailment>
	</edge>
	<edge target="24.txt_1_0" source="0.txt_1_1" id="24.txt_1_0-0.txt_1_1">
		<entailment_mod_insensitive> </entailment_mod_insensitive>
		<entailment type="direct">yes</entailment>
	</edge>
	<edge target="25.txt_1_1" source="0.txt_1_1" id="25.txt_1_1-0.txt_1_1">
		<entailment_mod_insensitive> </entailment_mod_insensitive>
		<entailment type="direct">yes</entailment>
	</edge>
	<edge target="3.txt_1_0" source="0.txt_1_1" id="3.txt_1_0-0.txt_1_1">
		<entailment_mod_insensitive> </entailment_mod_insensitive>
		<entailment type="direct">yes</entailment>
	</edge>
	<edge target="30.txt_1_0" source="0.txt_1_1" id="30.txt_1_0-0.txt_1_1">
		<entailment_mod_insensitive> </entailment_mod_insensitive>
		<entailment type="direct">yes</entailment>
	</edge>
	<edge target="34.txt_1_0" source="0.txt_1_1" id="34.txt_1_0-0.txt_1_1">
		<entailment_mod_insensitive> </entailment_mod_insensitive>
		<entailment type="direct">yes</entailment>
	</edge>
	<edge target="36.txt_1_0" source="0.txt_1_1" id="36.txt_1_0-0.txt_1_1">
		<entailment_mod_insensitive> </entailment_mod_insensitive>
		<entailment type="direct">yes</entailment>
	</edge>
	<edge target="387881.txt_1_1" source="0.txt_1_1" id="387881.txt_1_1-0.txt_1_1">
		<entailment_mod_insensitive> </entailment_mod_insensitive>
		<entailment type="direct">yes</entailment>
	</edge>
	<edge target="513573.txt_1_0" source="0.txt_1_1" id="513573.txt_1_0-0.txt_1_1">
		<entailment_mod_insensitive> </entailment_mod_insensitive>
		<entailment type="direct">yes</entailment>
	</edge>
	<edge target="530848.txt_1_1" source="0.txt_1_1" id="530848.txt_1_1-0.txt_1_1">
		<entailment_mod_insensitive> </entailment_mod_insensitive>
		<entailment type="direct">yes</entailment>
	</edge>
	<edge target="19.txt_3_3" source="0.txt_1_1" id="19.txt_3_3-0.txt_1_1">
		<entailment_mod_insensitive> </entailment_mod_insensitive>
		<entailment type="direct">yes</entailment>
	</edge>
	<edge target="6.txt_7_0" source="0.txt_1_1" id="6.txt_7_0-0.txt_1_1">
		<entailment_mod_insensitive> </entailment_mod_insensitive>
		<entailment type="direct">yes</entailment>
	</edge>
	<edge target="272237.txt_5_0" source="0.txt_1_1" id="272237.txt_5_0-0.txt_1_1">
		<entailment_mod_insensitive> </entailment_mod_insensitive>
		<entailment type="direct">yes</entailment>
	</edge>
	<edge target="26.txt_1_1" source="0.txt_1_1" id="26.txt_1_1-0.txt_1_1">
		<entailment_mod_insensitive> </entailment_mod_insensitive>
		<entailment type="direct">yes</entailment>
	</edge>
	<edge target="11.txt_3_1" source="11.txt_3_0" id="11.txt_3_1-11.txt_3_0">
		<entailment_mod_insensitive> </entailment_mod_insensitive>
		<entailment type="direct">yes</entailment>
	</edge>
	<edge target="25.txt_1_0" source="11.txt_3_0" id="25.txt_1_0-11.txt_3_0">
		<entailment_mod_insensitive> </entailment_mod_insensitive>
		<entailment type="direct">yes</entailment>
	</edge>
	<edge target="35.txt_1_2" source="11.txt_3_0" id="35.txt_1_2-11.txt_3_0">
		<entailment_mod_insensitive> </entailment_mod_insensitive>
		<entailment type="direct">yes</entailment>
	</edge>
	<edge target="530848.txt_1_0" source="11.txt_3_0" id="530848.txt_1_0-11.txt_3_0">
		<entailment_mod_insensitive> </entailment_mod_insensitive>
		<entailment type="direct">yes</entailment>
	</edge>
	<edge target="7.txt_1_0" source="11.txt_3_1" id="7.txt_1_0-11.txt_3_1">
		<entailment_mod_insensitive> </entailment_mod_insensitive>
		<entailment type="direct">yes</entailment>
	</edge>
	<edge target="0.txt_1_1" source="11.txt_3_1" id="0.txt_1_1-11.txt_3_1">
		<entailment_mod_insensitive> </entailment_mod_insensitive>
		<entailment type="direct">yes</entailment>
	</edge>
	<edge target="24.txt_1_0" source="11.txt_3_1" id="24.txt_1_0-11.txt_3_1">
		<entailment_mod_insensitive> </entailment_mod_insensitive>
		<entailment type="direct">yes</entailment>
	</edge>
	<edge target="36.txt_1_0" source="11.txt_3_1" id="36.txt_1_0-11.txt_3_1">
		<entailment_mod_insensitive> </entailment_mod_insensitive>
		<entailment type="direct">yes</entailment>
	</edge>
	<edge target="3.txt_1_0" source="11.txt_3_1" id="3.txt_1_0-11.txt_3_1">
		<entailment_mod_insensitive> </entailment_mod_insensitive>
		<entailment type="direct">yes</entailment>
	</edge>
	<edge target="34.txt_1_0" source="11.txt_3_1" id="34.txt_1_0-11.txt_3_1">
		<entailment_mod_insensitive> </entailment_mod_insensitive>
		<entailment type="direct">yes</entailment>
	</edge>
	<edge target="513573.txt_1_0" source="11.txt_3_1" id="513573.txt_1_0-11.txt_3_1">
		<entailment_mod_insensitive> </entailment_mod_insensitive>
		<entailment type="direct">yes</entailment>
	</edge>
	<edge target="35.txt_1_3" source="11.txt_3_1" id="35.txt_1_3-11.txt_3_1">
		<entailment_mod_insensitive> </entailment_mod_insensitive>
		<entailment type="direct">yes</entailment>
	</edge>
	<edge target="25.txt_1_1" source="11.txt_3_1" id="25.txt_1_1-11.txt_3_1">
		<entailment_mod_insensitive> </entailment_mod_insensitive>
		<entailment type="direct">yes</entailment>
	</edge>
	<edge target="30.txt_1_0" source="11.txt_3_1" id="30.txt_1_0-11.txt_3_1">
		<entailment_mod_insensitive> </entailment_mod_insensitive>
		<entailment type="direct">yes</entailment>
	</edge>
	<edge target="18.txt_1_1" source="11.txt_3_1" id="18.txt_1_1-11.txt_3_1">
		<entailment_mod_insensitive> </entailment_mod_insensitive>
		<entailment type="direct">yes</entailment>
	</edge>
	<edge target="387881.txt_1_1" source="11.txt_3_1" id="387881.txt_1_1-11.txt_3_1">
		<entailment_mod_insensitive> </entailment_mod_insensitive>
		<entailment type="direct">yes</entailment>
	</edge>
	<edge target="530848.txt_1_1" source="11.txt_3_1" id="530848.txt_1_1-11.txt_3_1">
		<entailment_mod_insensitive> </entailment_mod_insensitive>
		<entailment type="direct">yes</entailment>
	</edge>
	<edge target="19.txt_3_3" source="11.txt_3_1" id="19.txt_3_3-11.txt_3_1">
		<entailment_mod_insensitive> </entailment_mod_insensitive>
		<entailment type="direct">yes</entailment>
	</edge>
	<edge target="6.txt_7_0" source="11.txt_3_1" id="6.txt_7_0-11.txt_3_1">
		<entailment_mod_insensitive> </entailment_mod_insensitive>
		<entailment type="direct">yes</entailment>
	</edge>
	<edge target="272237.txt_5_0" source="11.txt_3_1" id="272237.txt_5_0-11.txt_3_1">
		<entailment_mod_insensitive> </entailment_mod_insensitive>
		<entailment type="direct">yes</entailment>
	</edge>
	<edge target="26.txt_1_1" source="11.txt_3_1" id="26.txt_1_1-11.txt_3_1">
		<entailment_mod_insensitive> </entailment_mod_insensitive>
		<entailment type="direct">yes</entailment>
	</edge>
	<edge target="12.txt_1_1" source="12.txt_1_0" id="12.txt_1_1-12.txt_1_0">
		<entailment_mod_insensitive> </entailment_mod_insensitive>
		<entailment type="direct">yes</entailment>
	</edge>
	<edge target="5.txt_1_0" source="12.txt_1_0" id="5.txt_1_0-12.txt_1_0">
		<entailment_mod_insensitive> </entailment_mod_insensitive>
		<entailment type="direct">yes</entailment>
	</edge>
	<edge target="25.txt_1_0" source="12.txt_1_0" id="25.txt_1_0-12.txt_1_0">
		<entailment_mod_insensitive> </entailment_mod_insensitive>
		<entailment type="direct">yes</entailment>
	</edge>
	<edge target="35.txt_1_2" source="12.txt_1_0" id="35.txt_1_2-12.txt_1_0">
		<entailment_mod_insensitive> </entailment_mod_insensitive>
		<entailment type="direct">yes</entailment>
	</edge>
	<edge target="530848.txt_1_0" source="12.txt_1_0" id="530848.txt_1_0-12.txt_1_0">
		<entailment_mod_insensitive> </entailment_mod_insensitive>
		<entailment type="direct">yes</entailment>
	</edge>
	<edge target="7.txt_1_0" source="12.txt_1_1" id="7.txt_1_0-12.txt_1_1">
		<entailment_mod_insensitive> </entailment_mod_insensitive>
		<entailment type="direct">yes</entailment>
	</edge>
	<edge target="0.txt_1_1" source="12.txt_1_1" id="0.txt_1_1-12.txt_1_1">
		<entailment_mod_insensitive> </entailment_mod_insensitive>
		<entailment type="direct">yes</entailment>
	</edge>
	<edge target="24.txt_1_0" source="12.txt_1_1" id="24.txt_1_0-12.txt_1_1">
		<entailment_mod_insensitive> </entailment_mod_insensitive>
		<entailment type="direct">yes</entailment>
	</edge>
	<edge target="5.txt_1_1" source="12.txt_1_1" id="5.txt_1_1-12.txt_1_1">
		<entailment_mod_insensitive> </entailment_mod_insensitive>
		<entailment type="direct">yes</entailment>
	</edge>
	<edge target="36.txt_1_0" source="12.txt_1_1" id="36.txt_1_0-12.txt_1_1">
		<entailment_mod_insensitive> </entailment_mod_insensitive>
		<entailment type="direct">yes</entailment>
	</edge>
	<edge target="3.txt_1_0" source="12.txt_1_1" id="3.txt_1_0-12.txt_1_1">
		<entailment_mod_insensitive> </entailment_mod_insensitive>
		<entailment type="direct">yes</entailment>
	</edge>
	<edge target="34.txt_1_0" source="12.txt_1_1" id="34.txt_1_0-12.txt_1_1">
		<entailment_mod_insensitive> </entailment_mod_insensitive>
		<entailment type="direct">yes</entailment>
	</edge>
	<edge target="513573.txt_1_0" source="12.txt_1_1" id="513573.txt_1_0-12.txt_1_1">
		<entailment_mod_insensitive> </entailment_mod_insensitive>
		<entailment type="direct">yes</entailment>
	</edge>
	<edge target="13.txt_1_0" source="12.txt_1_1" id="13.txt_1_0-12.txt_1_1">
		<entailment_mod_insensitive> </entailment_mod_insensitive>
		<entailment type="direct">yes</entailment>
	</edge>
	<edge target="25.txt_1_1" source="12.txt_1_1" id="25.txt_1_1-12.txt_1_1">
		<entailment_mod_insensitive> </entailment_mod_insensitive>
		<entailment type="direct">yes</entailment>
	</edge>
	<edge target="30.txt_1_0" source="12.txt_1_1" id="30.txt_1_0-12.txt_1_1">
		<entailment_mod_insensitive> </entailment_mod_insensitive>
		<entailment type="direct">yes</entailment>
	</edge>
	<edge target="18.txt_1_1" source="12.txt_1_1" id="18.txt_1_1-12.txt_1_1">
		<entailment_mod_insensitive> </entailment_mod_insensitive>
		<entailment type="direct">yes</entailment>
	</edge>
	<edge target="387881.txt_1_1" source="12.txt_1_1" id="387881.txt_1_1-12.txt_1_1">
		<entailment_mod_insensitive> </entailment_mod_insensitive>
		<entailment type="direct">yes</entailment>
	</edge>
	<edge target="35.txt_2_0" source="12.txt_1_1" id="35.txt_2_0-12.txt_1_1">
		<entailment_mod_insensitive> </entailment_mod_insensitive>
		<entailment type="direct">yes</entailment>
	</edge>
	<edge target="530848.txt_1_1" source="12.txt_1_1" id="530848.txt_1_1-12.txt_1_1">
		<entailment_mod_insensitive> </entailment_mod_insensitive>
		<entailment type="direct">yes</entailment>
	</edge>
	<edge target="35.txt_1_3" source="12.txt_1_1" id="35.txt_1_3-12.txt_1_1">
		<entailment_mod_insensitive> </entailment_mod_insensitive>
		<entailment type="direct">yes</entailment>
	</edge>
	<edge target="19.txt_3_3" source="12.txt_1_1" id="19.txt_3_3-12.txt_1_1">
		<entailment_mod_insensitive> </entailment_mod_insensitive>
		<entailment type="direct">yes</entailment>
	</edge>
	<edge target="6.txt_7_0" source="12.txt_1_1" id="6.txt_7_0-12.txt_1_1">
		<entailment_mod_insensitive> </entailment_mod_insensitive>
		<entailment type="direct">yes</entailment>
	</edge>
	<edge target="272237.txt_5_0" source="12.txt_1_1" id="272237.txt_5_0-12.txt_1_1">
		<entailment_mod_insensitive> </entailment_mod_insensitive>
		<entailment type="direct">yes</entailment>
	</edge>
	<edge target="26.txt_1_1" source="12.txt_1_1" id="26.txt_1_1-12.txt_1_1">
		<entailment_mod_insensitive> </entailment_mod_insensitive>
		<entailment type="direct">yes</entailment>
	</edge>
	<edge target="7.txt_1_0" source="13.txt_1_0" id="7.txt_1_0-13.txt_1_0">
		<entailment_mod_insensitive> </entailment_mod_insensitive>
		<entailment type="direct">yes</entailment>
	</edge>
	<edge target="0.txt_1_1" source="13.txt_1_0" id="0.txt_1_1-13.txt_1_0">
		<entailment_mod_insensitive> </entailment_mod_insensitive>
		<entailment type="direct">yes</entailment>
	</edge>
	<edge target="24.txt_1_0" source="13.txt_1_0" id="24.txt_1_0-13.txt_1_0">
		<entailment_mod_insensitive> </entailment_mod_insensitive>
		<entailment type="direct">yes</entailment>
	</edge>
	<edge target="36.txt_1_0" source="13.txt_1_0" id="36.txt_1_0-13.txt_1_0">
		<entailment_mod_insensitive> </entailment_mod_insensitive>
		<entailment type="direct">yes</entailment>
	</edge>
	<edge target="3.txt_1_0" source="13.txt_1_0" id="3.txt_1_0-13.txt_1_0">
		<entailment_mod_insensitive> </entailment_mod_insensitive>
		<entailment type="direct">yes</entailment>
	</edge>
	<edge target="34.txt_1_0" source="13.txt_1_0" id="34.txt_1_0-13.txt_1_0">
		<entailment_mod_insensitive> </entailment_mod_insensitive>
		<entailment type="direct">yes</entailment>
	</edge>
	<edge target="513573.txt_1_0" source="13.txt_1_0" id="513573.txt_1_0-13.txt_1_0">
		<entailment_mod_insensitive> </entailment_mod_insensitive>
		<entailment type="direct">yes</entailment>
	</edge>
	<edge target="25.txt_1_1" source="13.txt_1_0" id="25.txt_1_1-13.txt_1_0">
		<entailment_mod_insensitive> </entailment_mod_insensitive>
		<entailment type="direct">yes</entailment>
	</edge>
	<edge target="30.txt_1_0" source="13.txt_1_0" id="30.txt_1_0-13.txt_1_0">
		<entailment_mod_insensitive> </entailment_mod_insensitive>
		<entailment type="direct">yes</entailment>
	</edge>
	<edge target="18.txt_1_1" source="13.txt_1_0" id="18.txt_1_1-13.txt_1_0">
		<entailment_mod_insensitive> </entailment_mod_insensitive>
		<entailment type="direct">yes</entailment>
	</edge>
	<edge target="387881.txt_1_1" source="13.txt_1_0" id="387881.txt_1_1-13.txt_1_0">
		<entailment_mod_insensitive> </entailment_mod_insensitive>
		<entailment type="direct">yes</entailment>
	</edge>
	<edge target="530848.txt_1_1" source="13.txt_1_0" id="530848.txt_1_1-13.txt_1_0">
		<entailment_mod_insensitive> </entailment_mod_insensitive>
		<entailment type="direct">yes</entailment>
	</edge>
	<edge target="19.txt_3_3" source="13.txt_1_0" id="19.txt_3_3-13.txt_1_0">
		<entailment_mod_insensitive> </entailment_mod_insensitive>
		<entailment type="direct">yes</entailment>
	</edge>
	<edge target="35.txt_1_3" source="13.txt_1_0" id="35.txt_1_3-13.txt_1_0">
		<entailment_mod_insensitive> </entailment_mod_insensitive>
		<entailment type="direct">yes</entailment>
	</edge>
	<edge target="6.txt_7_0" source="13.txt_1_0" id="6.txt_7_0-13.txt_1_0">
		<entailment_mod_insensitive> </entailment_mod_insensitive>
		<entailment type="direct">yes</entailment>
	</edge>
	<edge target="272237.txt_5_0" source="13.txt_1_0" id="272237.txt_5_0-13.txt_1_0">
		<entailment_mod_insensitive> </entailment_mod_insensitive>
		<entailment type="direct">yes</entailment>
	</edge>
	<edge target="26.txt_1_1" source="13.txt_1_0" id="26.txt_1_1-13.txt_1_0">
		<entailment_mod_insensitive> </entailment_mod_insensitive>
		<entailment type="direct">yes</entailment>
	</edge>
	<edge target="7.txt_1_0" source="13.txt_2_0" id="7.txt_1_0-13.txt_2_0">
		<entailment_mod_insensitive> </entailment_mod_insensitive>
		<entailment type="direct">yes</entailment>
	</edge>
	<edge target="0.txt_1_1" source="13.txt_2_0" id="0.txt_1_1-13.txt_2_0">
		<entailment_mod_insensitive> </entailment_mod_insensitive>
		<entailment type="direct">yes</entailment>
	</edge>
	<edge target="24.txt_1_0" source="13.txt_2_0" id="24.txt_1_0-13.txt_2_0">
		<entailment_mod_insensitive> </entailment_mod_insensitive>
		<entailment type="direct">yes</entailment>
	</edge>
	<edge target="5.txt_1_1" source="13.txt_2_0" id="5.txt_1_1-13.txt_2_0">
		<entailment_mod_insensitive> </entailment_mod_insensitive>
		<entailment type="direct">yes</entailment>
	</edge>
	<edge target="36.txt_1_0" source="13.txt_2_0" id="36.txt_1_0-13.txt_2_0">
		<entailment_mod_insensitive> </entailment_mod_insensitive>
		<entailment type="direct">yes</entailment>
	</edge>
	<edge target="3.txt_1_0" source="13.txt_2_0" id="3.txt_1_0-13.txt_2_0">
		<entailment_mod_insensitive> </entailment_mod_insensitive>
		<entailment type="direct">yes</entailment>
	</edge>
	<edge target="34.txt_1_0" source="13.txt_2_0" id="34.txt_1_0-13.txt_2_0">
		<entailment_mod_insensitive> </entailment_mod_insensitive>
		<entailment type="direct">yes</entailment>
	</edge>
	<edge target="513573.txt_1_0" source="13.txt_2_0" id="513573.txt_1_0-13.txt_2_0">
		<entailment_mod_insensitive> </entailment_mod_insensitive>
		<entailment type="direct">yes</entailment>
	</edge>
	<edge target="13.txt_1_0" source="13.txt_2_0" id="13.txt_1_0-13.txt_2_0">
		<entailment_mod_insensitive> </entailment_mod_insensitive>
		<entailment type="direct">yes</entailment>
	</edge>
	<edge target="25.txt_1_1" source="13.txt_2_0" id="25.txt_1_1-13.txt_2_0">
		<entailment_mod_insensitive> </entailment_mod_insensitive>
		<entailment type="direct">yes</entailment>
	</edge>
	<edge target="30.txt_1_0" source="13.txt_2_0" id="30.txt_1_0-13.txt_2_0">
		<entailment_mod_insensitive> </entailment_mod_insensitive>
		<entailment type="direct">yes</entailment>
	</edge>
	<edge target="18.txt_1_1" source="13.txt_2_0" id="18.txt_1_1-13.txt_2_0">
		<entailment_mod_insensitive> </entailment_mod_insensitive>
		<entailment type="direct">yes</entailment>
	</edge>
	<edge target="387881.txt_1_1" source="13.txt_2_0" id="387881.txt_1_1-13.txt_2_0">
		<entailment_mod_insensitive> </entailment_mod_insensitive>
		<entailment type="direct">yes</entailment>
	</edge>
	<edge target="35.txt_2_0" source="13.txt_2_0" id="35.txt_2_0-13.txt_2_0">
		<entailment_mod_insensitive> </entailment_mod_insensitive>
		<entailment type="direct">yes</entailment>
	</edge>
	<edge target="530848.txt_1_1" source="13.txt_2_0" id="530848.txt_1_1-13.txt_2_0">
		<entailment_mod_insensitive> </entailment_mod_insensitive>
		<entailment type="direct">yes</entailment>
	</edge>
	<edge target="19.txt_3_3" source="13.txt_2_0" id="19.txt_3_3-13.txt_2_0">
		<entailment_mod_insensitive> </entailment_mod_insensitive>
		<entailment type="direct">yes</entailment>
	</edge>
	<edge target="35.txt_1_3" source="13.txt_2_0" id="35.txt_1_3-13.txt_2_0">
		<entailment_mod_insensitive> </entailment_mod_insensitive>
		<entailment type="direct">yes</entailment>
	</edge>
	<edge target="6.txt_7_0" source="13.txt_2_0" id="6.txt_7_0-13.txt_2_0">
		<entailment_mod_insensitive> </entailment_mod_insensitive>
		<entailment type="direct">yes</entailment>
	</edge>
	<edge target="272237.txt_5_0" source="13.txt_2_0" id="272237.txt_5_0-13.txt_2_0">
		<entailment_mod_insensitive> </entailment_mod_insensitive>
		<entailment type="direct">yes</entailment>
	</edge>
	<edge target="26.txt_1_1" source="13.txt_2_0" id="26.txt_1_1-13.txt_2_0">
		<entailment_mod_insensitive> </entailment_mod_insensitive>
		<entailment type="direct">yes</entailment>
	</edge>
	<edge target="18.txt_1_1" source="18.txt_1_0" id="18.txt_1_1-18.txt_1_0">
		<entailment_mod_insensitive> </entailment_mod_insensitive>
		<entailment type="direct">yes</entailment>
	</edge>
	<edge target="530848.txt_1_0" source="18.txt_1_0" id="530848.txt_1_0-18.txt_1_0">
		<entailment_mod_insensitive> </entailment_mod_insensitive>
		<entailment type="direct">yes</entailment>
	</edge>
	<edge target="7.txt_1_0" source="18.txt_1_1" id="7.txt_1_0-18.txt_1_1">
		<entailment_mod_insensitive> </entailment_mod_insensitive>
		<entailment type="direct">yes</entailment>
	</edge>
	<edge target="0.txt_1_1" source="18.txt_1_1" id="0.txt_1_1-18.txt_1_1">
		<entailment_mod_insensitive> </entailment_mod_insensitive>
		<entailment type="direct">yes</entailment>
	</edge>
	<edge target="24.txt_1_0" source="18.txt_1_1" id="24.txt_1_0-18.txt_1_1">
		<entailment_mod_insensitive> </entailment_mod_insensitive>
		<entailment type="direct">yes</entailment>
	</edge>
	<edge target="36.txt_1_0" source="18.txt_1_1" id="36.txt_1_0-18.txt_1_1">
		<entailment_mod_insensitive> </entailment_mod_insensitive>
		<entailment type="direct">yes</entailment>
	</edge>
	<edge target="3.txt_1_0" source="18.txt_1_1" id="3.txt_1_0-18.txt_1_1">
		<entailment_mod_insensitive> </entailment_mod_insensitive>
		<entailment type="direct">yes</entailment>
	</edge>
	<edge target="34.txt_1_0" source="18.txt_1_1" id="34.txt_1_0-18.txt_1_1">
		<entailment_mod_insensitive> </entailment_mod_insensitive>
		<entailment type="direct">yes</entailment>
	</edge>
	<edge target="513573.txt_1_0" source="18.txt_1_1" id="513573.txt_1_0-18.txt_1_1">
		<entailment_mod_insensitive> </entailment_mod_insensitive>
		<entailment type="direct">yes</entailment>
	</edge>
	<edge target="25.txt_1_1" source="18.txt_1_1" id="25.txt_1_1-18.txt_1_1">
		<entailment_mod_insensitive> </entailment_mod_insensitive>
		<entailment type="direct">yes</entailment>
	</edge>
	<edge target="30.txt_1_0" source="18.txt_1_1" id="30.txt_1_0-18.txt_1_1">
		<entailment_mod_insensitive> </entailment_mod_insensitive>
		<entailment type="direct">yes</entailment>
	</edge>
	<edge target="387881.txt_1_1" source="18.txt_1_1" id="387881.txt_1_1-18.txt_1_1">
		<entailment_mod_insensitive> </entailment_mod_insensitive>
		<entailment type="direct">yes</entailment>
	</edge>
	<edge target="530848.txt_1_1" source="18.txt_1_1" id="530848.txt_1_1-18.txt_1_1">
		<entailment_mod_insensitive> </entailment_mod_insensitive>
		<entailment type="direct">yes</entailment>
	</edge>
	<edge target="19.txt_3_3" source="18.txt_1_1" id="19.txt_3_3-18.txt_1_1">
		<entailment_mod_insensitive> </entailment_mod_insensitive>
		<entailment type="direct">yes</entailment>
	</edge>
	<edge target="6.txt_7_0" source="18.txt_1_1" id="6.txt_7_0-18.txt_1_1">
		<entailment_mod_insensitive> </entailment_mod_insensitive>
		<entailment type="direct">yes</entailment>
	</edge>
	<edge target="35.txt_1_3" source="18.txt_1_1" id="35.txt_1_3-18.txt_1_1">
		<entailment_mod_insensitive> </entailment_mod_insensitive>
		<entailment type="direct">yes</entailment>
	</edge>
	<edge target="272237.txt_5_0" source="18.txt_1_1" id="272237.txt_5_0-18.txt_1_1">
		<entailment_mod_insensitive> </entailment_mod_insensitive>
		<entailment type="direct">yes</entailment>
	</edge>
	<edge target="26.txt_1_1" source="18.txt_1_1" id="26.txt_1_1-18.txt_1_1">
		<entailment_mod_insensitive> </entailment_mod_insensitive>
		<entailment type="direct">yes</entailment>
	</edge>
	<edge target="19.txt_3_1" source="19.txt_3_0" id="19.txt_3_1-19.txt_3_0">
		<entailment_mod_insensitive> </entailment_mod_insensitive>
		<entailment type="direct">yes</entailment>
	</edge>
	<edge target="19.txt_3_2" source="19.txt_3_0" id="19.txt_3_2-19.txt_3_0">
		<entailment_mod_insensitive> </entailment_mod_insensitive>
		<entailment type="direct">yes</entailment>
	</edge>
	<edge target="19.txt_3_3" source="19.txt_3_1" id="19.txt_3_3-19.txt_3_1">
		<entailment_mod_insensitive> </entailment_mod_insensitive>
		<entailment type="direct">yes</entailment>
	</edge>
	<edge target="530848.txt_1_0" source="19.txt_3_1" id="530848.txt_1_0-19.txt_3_1">
		<entailment_mod_insensitive> </entailment_mod_insensitive>
		<entailment type="direct">yes</entailment>
	</edge>
	<edge target="19.txt_3_3" source="19.txt_3_2" id="19.txt_3_3-19.txt_3_2">
		<entailment_mod_insensitive> </entailment_mod_insensitive>
		<entailment type="direct">yes</entailment>
	</edge>
	<edge target="530848.txt_1_0" source="19.txt_3_2" id="530848.txt_1_0-19.txt_3_2">
		<entailment_mod_insensitive> </entailment_mod_insensitive>
		<entailment type="direct">yes</entailment>
	</edge>
	<edge target="530848.txt_1_1" source="19.txt_3_3" id="530848.txt_1_1-19.txt_3_3">
		<entailment_mod_insensitive> </entailment_mod_insensitive>
		<entailment type="direct">yes</entailment>
	</edge>
	<edge target="0.txt_1_1" source="19.txt_3_3" id="0.txt_1_1-19.txt_3_3">
		<entailment_mod_insensitive> </entailment_mod_insensitive>
		<entailment type="direct">yes</entailment>
	</edge>
	<edge target="18.txt_1_1" source="19.txt_3_3" id="18.txt_1_1-19.txt_3_3">
		<entailment_mod_insensitive> </entailment_mod_insensitive>
		<entailment type="direct">yes</entailment>
	</edge>
	<edge target="24.txt_1_0" source="19.txt_3_3" id="24.txt_1_0-19.txt_3_3">
		<entailment_mod_insensitive> </entailment_mod_insensitive>
		<entailment type="direct">yes</entailment>
	</edge>
	<edge target="25.txt_1_1" source="19.txt_3_3" id="25.txt_1_1-19.txt_3_3">
		<entailment_mod_insensitive> </entailment_mod_insensitive>
		<entailment type="direct">yes</entailment>
	</edge>
	<edge target="26.txt_1_1" source="19.txt_3_3" id="26.txt_1_1-19.txt_3_3">
		<entailment_mod_insensitive> </entailment_mod_insensitive>
		<entailment type="direct">yes</entailment>
	</edge>
	<edge target="272237.txt_5_0" source="19.txt_3_3" id="272237.txt_5_0-19.txt_3_3">
		<entailment_mod_insensitive> </entailment_mod_insensitive>
		<entailment type="direct">yes</entailment>
	</edge>
	<edge target="3.txt_1_0" source="19.txt_3_3" id="3.txt_1_0-19.txt_3_3">
		<entailment_mod_insensitive> </entailment_mod_insensitive>
		<entailment type="direct">yes</entailment>
	</edge>
	<edge target="30.txt_1_0" source="19.txt_3_3" id="30.txt_1_0-19.txt_3_3">
		<entailment_mod_insensitive> </entailment_mod_insensitive>
		<entailment type="direct">yes</entailment>
	</edge>
	<edge target="34.txt_1_0" source="19.txt_3_3" id="34.txt_1_0-19.txt_3_3">
		<entailment_mod_insensitive> </entailment_mod_insensitive>
		<entailment type="direct">yes</entailment>
	</edge>
	<edge target="36.txt_1_0" source="19.txt_3_3" id="36.txt_1_0-19.txt_3_3">
		<entailment_mod_insensitive> </entailment_mod_insensitive>
		<entailment type="direct">yes</entailment>
	</edge>
	<edge target="387881.txt_1_1" source="19.txt_3_3" id="387881.txt_1_1-19.txt_3_3">
		<entailment_mod_insensitive> </entailment_mod_insensitive>
		<entailment type="direct">yes</entailment>
	</edge>
	<edge target="513573.txt_1_0" source="19.txt_3_3" id="513573.txt_1_0-19.txt_3_3">
		<entailment_mod_insensitive> </entailment_mod_insensitive>
		<entailment type="direct">yes</entailment>
	</edge>
	<edge target="6.txt_7_0" source="19.txt_3_3" id="6.txt_7_0-19.txt_3_3">
		<entailment_mod_insensitive> </entailment_mod_insensitive>
		<entailment type="direct">yes</entailment>
	</edge>
	<edge target="7.txt_1_0" source="19.txt_3_3" id="7.txt_1_0-19.txt_3_3">
		<entailment_mod_insensitive> </entailment_mod_insensitive>
		<entailment type="direct">yes</entailment>
	</edge>
	<edge target="35.txt_1_3" source="19.txt_3_3" id="35.txt_1_3-19.txt_3_3">
		<entailment_mod_insensitive> </entailment_mod_insensitive>
		<entailment type="direct">yes</entailment>
	</edge>
	<edge target="2.txt_1_1" source="2.txt_1_0" id="2.txt_1_1-2.txt_1_0">
		<entailment_mod_insensitive> </entailment_mod_insensitive>
		<entailment type="direct">yes</entailment>
	</edge>
	<edge target="25.txt_1_0" source="2.txt_1_0" id="25.txt_1_0-2.txt_1_0">
		<entailment_mod_insensitive> </entailment_mod_insensitive>
		<entailment type="direct">yes</entailment>
	</edge>
	<edge target="530848.txt_1_0" source="2.txt_1_0" id="530848.txt_1_0-2.txt_1_0">
		<entailment_mod_insensitive> </entailment_mod_insensitive>
		<entailment type="direct">yes</entailment>
	</edge>
	<edge target="35.txt_1_2" source="2.txt_1_0" id="35.txt_1_2-2.txt_1_0">
		<entailment_mod_insensitive> </entailment_mod_insensitive>
		<entailment type="direct">yes</entailment>
	</edge>
	<edge target="7.txt_1_0" source="2.txt_1_1" id="7.txt_1_0-2.txt_1_1">
		<entailment_mod_insensitive> </entailment_mod_insensitive>
		<entailment type="direct">yes</entailment>
	</edge>
	<edge target="0.txt_1_1" source="2.txt_1_1" id="0.txt_1_1-2.txt_1_1">
		<entailment_mod_insensitive> </entailment_mod_insensitive>
		<entailment type="direct">yes</entailment>
	</edge>
	<edge target="24.txt_1_0" source="2.txt_1_1" id="24.txt_1_0-2.txt_1_1">
		<entailment_mod_insensitive> </entailment_mod_insensitive>
		<entailment type="direct">yes</entailment>
	</edge>
	<edge target="36.txt_1_0" source="2.txt_1_1" id="36.txt_1_0-2.txt_1_1">
		<entailment_mod_insensitive> </entailment_mod_insensitive>
		<entailment type="direct">yes</entailment>
	</edge>
	<edge target="3.txt_1_0" source="2.txt_1_1" id="3.txt_1_0-2.txt_1_1">
		<entailment_mod_insensitive> </entailment_mod_insensitive>
		<entailment type="direct">yes</entailment>
	</edge>
	<edge target="34.txt_1_0" source="2.txt_1_1" id="34.txt_1_0-2.txt_1_1">
		<entailment_mod_insensitive> </entailment_mod_insensitive>
		<entailment type="direct">yes</entailment>
	</edge>
	<edge target="513573.txt_1_0" source="2.txt_1_1" id="513573.txt_1_0-2.txt_1_1">
		<entailment_mod_insensitive> </entailment_mod_insensitive>
		<entailment type="direct">yes</entailment>
	</edge>
	<edge target="25.txt_1_1" source="2.txt_1_1" id="25.txt_1_1-2.txt_1_1">
		<entailment_mod_insensitive> </entailment_mod_insensitive>
		<entailment type="direct">yes</entailment>
	</edge>
	<edge target="30.txt_1_0" source="2.txt_1_1" id="30.txt_1_0-2.txt_1_1">
		<entailment_mod_insensitive> </entailment_mod_insensitive>
		<entailment type="direct">yes</entailment>
	</edge>
	<edge target="18.txt_1_1" source="2.txt_1_1" id="18.txt_1_1-2.txt_1_1">
		<entailment_mod_insensitive> </entailment_mod_insensitive>
		<entailment type="direct">yes</entailment>
	</edge>
	<edge target="387881.txt_1_1" source="2.txt_1_1" id="387881.txt_1_1-2.txt_1_1">
		<entailment_mod_insensitive> </entailment_mod_insensitive>
		<entailment type="direct">yes</entailment>
	</edge>
	<edge target="530848.txt_1_1" source="2.txt_1_1" id="530848.txt_1_1-2.txt_1_1">
		<entailment_mod_insensitive> </entailment_mod_insensitive>
		<entailment type="direct">yes</entailment>
	</edge>
	<edge target="19.txt_3_3" source="2.txt_1_1" id="19.txt_3_3-2.txt_1_1">
		<entailment_mod_insensitive> </entailment_mod_insensitive>
		<entailment type="direct">yes</entailment>
	</edge>
	<edge target="6.txt_7_0" source="2.txt_1_1" id="6.txt_7_0-2.txt_1_1">
		<entailment_mod_insensitive> </entailment_mod_insensitive>
		<entailment type="direct">yes</entailment>
	</edge>
	<edge target="272237.txt_5_0" source="2.txt_1_1" id="272237.txt_5_0-2.txt_1_1">
		<entailment_mod_insensitive> </entailment_mod_insensitive>
		<entailment type="direct">yes</entailment>
	</edge>
	<edge target="35.txt_1_3" source="2.txt_1_1" id="35.txt_1_3-2.txt_1_1">
		<entailment_mod_insensitive> </entailment_mod_insensitive>
		<entailment type="direct">yes</entailment>
	</edge>
	<edge target="26.txt_1_1" source="2.txt_1_1" id="26.txt_1_1-2.txt_1_1">
		<entailment_mod_insensitive> </entailment_mod_insensitive>
		<entailment type="direct">yes</entailment>
	</edge>
	<edge target="7.txt_1_0" source="24.txt_1_0" id="7.txt_1_0-24.txt_1_0">
		<entailment_mod_insensitive> </entailment_mod_insensitive>
		<entailment type="direct">yes</entailment>
	</edge>
	<edge target="0.txt_1_1" source="24.txt_1_0" id="0.txt_1_1-24.txt_1_0">
		<entailment_mod_insensitive> </entailment_mod_insensitive>
		<entailment type="direct">yes</entailment>
	</edge>
	<edge target="18.txt_1_1" source="24.txt_1_0" id="18.txt_1_1-24.txt_1_0">
		<entailment_mod_insensitive> </entailment_mod_insensitive>
		<entailment type="direct">yes</entailment>
	</edge>
	<edge target="25.txt_1_1" source="24.txt_1_0" id="25.txt_1_1-24.txt_1_0">
		<entailment_mod_insensitive> </entailment_mod_insensitive>
		<entailment type="direct">yes</entailment>
	</edge>
	<edge target="3.txt_1_0" source="24.txt_1_0" id="3.txt_1_0-24.txt_1_0">
		<entailment_mod_insensitive> </entailment_mod_insensitive>
		<entailment type="direct">yes</entailment>
	</edge>
	<edge target="30.txt_1_0" source="24.txt_1_0" id="30.txt_1_0-24.txt_1_0">
		<entailment_mod_insensitive> </entailment_mod_insensitive>
		<entailment type="direct">yes</entailment>
	</edge>
	<edge target="34.txt_1_0" source="24.txt_1_0" id="34.txt_1_0-24.txt_1_0">
		<entailment_mod_insensitive> </entailment_mod_insensitive>
		<entailment type="direct">yes</entailment>
	</edge>
	<edge target="36.txt_1_0" source="24.txt_1_0" id="36.txt_1_0-24.txt_1_0">
		<entailment_mod_insensitive> </entailment_mod_insensitive>
		<entailment type="direct">yes</entailment>
	</edge>
	<edge target="387881.txt_1_1" source="24.txt_1_0" id="387881.txt_1_1-24.txt_1_0">
		<entailment_mod_insensitive> </entailment_mod_insensitive>
		<entailment type="direct">yes</entailment>
	</edge>
	<edge target="513573.txt_1_0" source="24.txt_1_0" id="513573.txt_1_0-24.txt_1_0">
		<entailment_mod_insensitive> </entailment_mod_insensitive>
		<entailment type="direct">yes</entailment>
	</edge>
	<edge target="530848.txt_1_1" source="24.txt_1_0" id="530848.txt_1_1-24.txt_1_0">
		<entailment_mod_insensitive> </entailment_mod_insensitive>
		<entailment type="direct">yes</entailment>
	</edge>
	<edge target="19.txt_3_3" source="24.txt_1_0" id="19.txt_3_3-24.txt_1_0">
		<entailment_mod_insensitive> </entailment_mod_insensitive>
		<entailment type="direct">yes</entailment>
	</edge>
	<edge target="6.txt_7_0" source="24.txt_1_0" id="6.txt_7_0-24.txt_1_0">
		<entailment_mod_insensitive> </entailment_mod_insensitive>
		<entailment type="direct">yes</entailment>
	</edge>
	<edge target="272237.txt_5_0" source="24.txt_1_0" id="272237.txt_5_0-24.txt_1_0">
		<entailment_mod_insensitive> </entailment_mod_insensitive>
		<entailment type="direct">yes</entailment>
	</edge>
	<edge target="35.txt_1_3" source="24.txt_1_0" id="35.txt_1_3-24.txt_1_0">
		<entailment_mod_insensitive> </entailment_mod_insensitive>
		<entailment type="direct">yes</entailment>
	</edge>
	<edge target="26.txt_1_1" source="24.txt_1_0" id="26.txt_1_1-24.txt_1_0">
		<entailment_mod_insensitive> </entailment_mod_insensitive>
		<entailment type="direct">yes</entailment>
	</edge>
	<edge target="25.txt_1_1" source="25.txt_1_0" id="25.txt_1_1-25.txt_1_0">
		<entailment_mod_insensitive> </entailment_mod_insensitive>
		<entailment type="direct">yes</entailment>
	</edge>
	<edge target="35.txt_1_2" source="25.txt_1_0" id="35.txt_1_2-25.txt_1_0">
		<entailment_mod_insensitive> </entailment_mod_insensitive>
		<entailment type="direct">yes</entailment>
	</edge>
	<edge target="530848.txt_1_0" source="25.txt_1_0" id="530848.txt_1_0-25.txt_1_0">
		<entailment_mod_insensitive> </entailment_mod_insensitive>
		<entailment type="direct">yes</entailment>
	</edge>
	<edge target="35.txt_1_3" source="25.txt_1_1" id="35.txt_1_3-25.txt_1_1">
		<entailment_mod_insensitive> </entailment_mod_insensitive>
		<entailment type="direct">yes</entailment>
	</edge>
	<edge target="7.txt_1_0" source="25.txt_1_1" id="7.txt_1_0-25.txt_1_1">
		<entailment_mod_insensitive> </entailment_mod_insensitive>
		<entailment type="direct">yes</entailment>
	</edge>
	<edge target="0.txt_1_1" source="25.txt_1_1" id="0.txt_1_1-25.txt_1_1">
		<entailment_mod_insensitive> </entailment_mod_insensitive>
		<entailment type="direct">yes</entailment>
	</edge>
	<edge target="24.txt_1_0" source="25.txt_1_1" id="24.txt_1_0-25.txt_1_1">
		<entailment_mod_insensitive> </entailment_mod_insensitive>
		<entailment type="direct">yes</entailment>
	</edge>
	<edge target="36.txt_1_0" source="25.txt_1_1" id="36.txt_1_0-25.txt_1_1">
		<entailment_mod_insensitive> </entailment_mod_insensitive>
		<entailment type="direct">yes</entailment>
	</edge>
	<edge target="3.txt_1_0" source="25.txt_1_1" id="3.txt_1_0-25.txt_1_1">
		<entailment_mod_insensitive> </entailment_mod_insensitive>
		<entailment type="direct">yes</entailment>
	</edge>
	<edge target="34.txt_1_0" source="25.txt_1_1" id="34.txt_1_0-25.txt_1_1">
		<entailment_mod_insensitive> </entailment_mod_insensitive>
		<entailment type="direct">yes</entailment>
	</edge>
	<edge target="513573.txt_1_0" source="25.txt_1_1" id="513573.txt_1_0-25.txt_1_1">
		<entailment_mod_insensitive> </entailment_mod_insensitive>
		<entailment type="direct">yes</entailment>
	</edge>
	<edge target="18.txt_1_1" source="25.txt_1_1" id="18.txt_1_1-25.txt_1_1">
		<entailment_mod_insensitive> </entailment_mod_insensitive>
		<entailment type="direct">yes</entailment>
	</edge>
	<edge target="30.txt_1_0" source="25.txt_1_1" id="30.txt_1_0-25.txt_1_1">
		<entailment_mod_insensitive> </entailment_mod_insensitive>
		<entailment type="direct">yes</entailment>
	</edge>
	<edge target="387881.txt_1_1" source="25.txt_1_1" id="387881.txt_1_1-25.txt_1_1">
		<entailment_mod_insensitive> </entailment_mod_insensitive>
		<entailment type="direct">yes</entailment>
	</edge>
	<edge target="530848.txt_1_1" source="25.txt_1_1" id="530848.txt_1_1-25.txt_1_1">
		<entailment_mod_insensitive> </entailment_mod_insensitive>
		<entailment type="direct">yes</entailment>
	</edge>
	<edge target="19.txt_3_3" source="25.txt_1_1" id="19.txt_3_3-25.txt_1_1">
		<entailment_mod_insensitive> </entailment_mod_insensitive>
		<entailment type="direct">yes</entailment>
	</edge>
	<edge target="6.txt_7_0" source="25.txt_1_1" id="6.txt_7_0-25.txt_1_1">
		<entailment_mod_insensitive> </entailment_mod_insensitive>
		<entailment type="direct">yes</entailment>
	</edge>
	<edge target="272237.txt_5_0" source="25.txt_1_1" id="272237.txt_5_0-25.txt_1_1">
		<entailment_mod_insensitive> </entailment_mod_insensitive>
		<entailment type="direct">yes</entailment>
	</edge>
	<edge target="26.txt_1_1" source="25.txt_1_1" id="26.txt_1_1-25.txt_1_1">
		<entailment_mod_insensitive> </entailment_mod_insensitive>
		<entailment type="direct">yes</entailment>
	</edge>
	<edge target="26.txt_1_1" source="26.txt_1_0" id="26.txt_1_1-26.txt_1_0">
		<entailment_mod_insensitive> </entailment_mod_insensitive>
		<entailment type="direct">yes</entailment>
	</edge>
	<edge target="530848.txt_1_0" source="26.txt_1_0" id="530848.txt_1_0-26.txt_1_0">
		<entailment_mod_insensitive> </entailment_mod_insensitive>
		<entailment type="direct">yes</entailment>
	</edge>
	<edge target="36.txt_1_0" source="26.txt_1_1" id="36.txt_1_0-26.txt_1_1">
		<entailment_mod_insensitive> </entailment_mod_insensitive>
		<entailment type="direct">yes</entailment>
	</edge>
	<edge target="387881.txt_1_1" source="26.txt_1_1" id="387881.txt_1_1-26.txt_1_1">
		<entailment_mod_insensitive> </entailment_mod_insensitive>
		<entailment type="direct">yes</entailment>
	</edge>
	<edge target="513573.txt_1_0" source="26.txt_1_1" id="513573.txt_1_0-26.txt_1_1">
		<entailment_mod_insensitive> </entailment_mod_insensitive>
		<entailment type="direct">yes</entailment>
	</edge>
	<edge target="7.txt_1_0" source="26.txt_1_1" id="7.txt_1_0-26.txt_1_1">
		<entailment_mod_insensitive> </entailment_mod_insensitive>
		<entailment type="direct">yes</entailment>
	</edge>
	<edge target="35.txt_1_3" source="26.txt_1_1" id="35.txt_1_3-26.txt_1_1">
		<entailment_mod_insensitive> </entailment_mod_insensitive>
		<entailment type="direct">yes</entailment>
	</edge>
	<edge target="530848.txt_1_1" source="26.txt_1_1" id="530848.txt_1_1-26.txt_1_1">
		<entailment_mod_insensitive> </entailment_mod_insensitive>
		<entailment type="direct">yes</entailment>
	</edge>
	<edge target="19.txt_3_3" source="26.txt_1_1" id="19.txt_3_3-26.txt_1_1">
		<entailment_mod_insensitive> </entailment_mod_insensitive>
		<entailment type="direct">yes</entailment>
	</edge>
	<edge target="6.txt_7_0" source="26.txt_1_1" id="6.txt_7_0-26.txt_1_1">
		<entailment_mod_insensitive> </entailment_mod_insensitive>
		<entailment type="direct">yes</entailment>
	</edge>
	<edge target="272237.txt_5_0" source="26.txt_1_1" id="272237.txt_5_0-26.txt_1_1">
		<entailment_mod_insensitive> </entailment_mod_insensitive>
		<entailment type="direct">yes</entailment>
	</edge>
	<edge target="0.txt_1_1" source="26.txt_1_1" id="0.txt_1_1-26.txt_1_1">
		<entailment_mod_insensitive> </entailment_mod_insensitive>
		<entailment type="direct">yes</entailment>
	</edge>
	<edge target="18.txt_1_1" source="26.txt_1_1" id="18.txt_1_1-26.txt_1_1">
		<entailment_mod_insensitive> </entailment_mod_insensitive>
		<entailment type="direct">yes</entailment>
	</edge>
	<edge target="24.txt_1_0" source="26.txt_1_1" id="24.txt_1_0-26.txt_1_1">
		<entailment_mod_insensitive> </entailment_mod_insensitive>
		<entailment type="direct">yes</entailment>
	</edge>
	<edge target="25.txt_1_1" source="26.txt_1_1" id="25.txt_1_1-26.txt_1_1">
		<entailment_mod_insensitive> </entailment_mod_insensitive>
		<entailment type="direct">yes</entailment>
	</edge>
	<edge target="3.txt_1_0" source="26.txt_1_1" id="3.txt_1_0-26.txt_1_1">
		<entailment_mod_insensitive> </entailment_mod_insensitive>
		<entailment type="direct">yes</entailment>
	</edge>
	<edge target="30.txt_1_0" source="26.txt_1_1" id="30.txt_1_0-26.txt_1_1">
		<entailment_mod_insensitive> </entailment_mod_insensitive>
		<entailment type="direct">yes</entailment>
	</edge>
	<edge target="34.txt_1_0" source="26.txt_1_1" id="34.txt_1_0-26.txt_1_1">
		<entailment_mod_insensitive> </entailment_mod_insensitive>
		<entailment type="direct">yes</entailment>
	</edge>
	<edge target="35.txt_1_3" source="272237.txt_5_0" id="35.txt_1_3-272237.txt_5_0">
		<entailment_mod_insensitive> </entailment_mod_insensitive>
		<entailment type="direct">yes</entailment>
	</edge>
	<edge target="530848.txt_1_1" source="272237.txt_5_0" id="530848.txt_1_1-272237.txt_5_0">
		<entailment_mod_insensitive> </entailment_mod_insensitive>
		<entailment type="direct">yes</entailment>
	</edge>
	<edge target="19.txt_3_3" source="272237.txt_5_0" id="19.txt_3_3-272237.txt_5_0">
		<entailment_mod_insensitive> </entailment_mod_insensitive>
		<entailment type="direct">yes</entailment>
	</edge>
	<edge target="6.txt_7_0" source="272237.txt_5_0" id="6.txt_7_0-272237.txt_5_0">
		<entailment_mod_insensitive> </entailment_mod_insensitive>
		<entailment type="direct">yes</entailment>
	</edge>
	<edge target="0.txt_1_1" source="272237.txt_5_0" id="0.txt_1_1-272237.txt_5_0">
		<entailment_mod_insensitive> </entailment_mod_insensitive>
		<entailment type="direct">yes</entailment>
	</edge>
	<edge target="18.txt_1_1" source="272237.txt_5_0" id="18.txt_1_1-272237.txt_5_0">
		<entailment_mod_insensitive> </entailment_mod_insensitive>
		<entailment type="direct">yes</entailment>
	</edge>
	<edge target="24.txt_1_0" source="272237.txt_5_0" id="24.txt_1_0-272237.txt_5_0">
		<entailment_mod_insensitive> </entailment_mod_insensitive>
		<entailment type="direct">yes</entailment>
	</edge>
	<edge target="25.txt_1_1" source="272237.txt_5_0" id="25.txt_1_1-272237.txt_5_0">
		<entailment_mod_insensitive> </entailment_mod_insensitive>
		<entailment type="direct">yes</entailment>
	</edge>
	<edge target="26.txt_1_1" source="272237.txt_5_0" id="26.txt_1_1-272237.txt_5_0">
		<entailment_mod_insensitive> </entailment_mod_insensitive>
		<entailment type="direct">yes</entailment>
	</edge>
	<edge target="3.txt_1_0" source="272237.txt_5_0" id="3.txt_1_0-272237.txt_5_0">
		<entailment_mod_insensitive> </entailment_mod_insensitive>
		<entailment type="direct">yes</entailment>
	</edge>
	<edge target="30.txt_1_0" source="272237.txt_5_0" id="30.txt_1_0-272237.txt_5_0">
		<entailment_mod_insensitive> </entailment_mod_insensitive>
		<entailment type="direct">yes</entailment>
	</edge>
	<edge target="34.txt_1_0" source="272237.txt_5_0" id="34.txt_1_0-272237.txt_5_0">
		<entailment_mod_insensitive> </entailment_mod_insensitive>
		<entailment type="direct">yes</entailment>
	</edge>
	<edge target="36.txt_1_0" source="272237.txt_5_0" id="36.txt_1_0-272237.txt_5_0">
		<entailment_mod_insensitive> </entailment_mod_insensitive>
		<entailment type="direct">yes</entailment>
	</edge>
	<edge target="387881.txt_1_1" source="272237.txt_5_0" id="387881.txt_1_1-272237.txt_5_0">
		<entailment_mod_insensitive> </entailment_mod_insensitive>
		<entailment type="direct">yes</entailment>
	</edge>
	<edge target="513573.txt_1_0" source="272237.txt_5_0" id="513573.txt_1_0-272237.txt_5_0">
		<entailment_mod_insensitive> </entailment_mod_insensitive>
		<entailment type="direct">yes</entailment>
	</edge>
	<edge target="7.txt_1_0" source="272237.txt_5_0" id="7.txt_1_0-272237.txt_5_0">
		<entailment_mod_insensitive> </entailment_mod_insensitive>
		<entailment type="direct">yes</entailment>
	</edge>
	<edge target="7.txt_1_0" source="3.txt_1_0" id="7.txt_1_0-3.txt_1_0">
		<entailment_mod_insensitive> </entailment_mod_insensitive>
		<entailment type="direct">yes</entailment>
	</edge>
	<edge target="35.txt_1_3" source="3.txt_1_0" id="35.txt_1_3-3.txt_1_0">
		<entailment_mod_insensitive> </entailment_mod_insensitive>
		<entailment type="direct">yes</entailment>
	</edge>
	<edge target="0.txt_1_1" source="3.txt_1_0" id="0.txt_1_1-3.txt_1_0">
		<entailment_mod_insensitive> </entailment_mod_insensitive>
		<entailment type="direct">yes</entailment>
	</edge>
	<edge target="24.txt_1_0" source="3.txt_1_0" id="24.txt_1_0-3.txt_1_0">
		<entailment_mod_insensitive> </entailment_mod_insensitive>
		<entailment type="direct">yes</entailment>
	</edge>
	<edge target="36.txt_1_0" source="3.txt_1_0" id="36.txt_1_0-3.txt_1_0">
		<entailment_mod_insensitive> </entailment_mod_insensitive>
		<entailment type="direct">yes</entailment>
	</edge>
	<edge target="18.txt_1_1" source="3.txt_1_0" id="18.txt_1_1-3.txt_1_0">
		<entailment_mod_insensitive> </entailment_mod_insensitive>
		<entailment type="direct">yes</entailment>
	</edge>
	<edge target="25.txt_1_1" source="3.txt_1_0" id="25.txt_1_1-3.txt_1_0">
		<entailment_mod_insensitive> </entailment_mod_insensitive>
		<entailment type="direct">yes</entailment>
	</edge>
	<edge target="30.txt_1_0" source="3.txt_1_0" id="30.txt_1_0-3.txt_1_0">
		<entailment_mod_insensitive> </entailment_mod_insensitive>
		<entailment type="direct">yes</entailment>
	</edge>
	<edge target="34.txt_1_0" source="3.txt_1_0" id="34.txt_1_0-3.txt_1_0">
		<entailment_mod_insensitive> </entailment_mod_insensitive>
		<entailment type="direct">yes</entailment>
	</edge>
	<edge target="387881.txt_1_1" source="3.txt_1_0" id="387881.txt_1_1-3.txt_1_0">
		<entailment_mod_insensitive> </entailment_mod_insensitive>
		<entailment type="direct">yes</entailment>
	</edge>
	<edge target="513573.txt_1_0" source="3.txt_1_0" id="513573.txt_1_0-3.txt_1_0">
		<entailment_mod_insensitive> </entailment_mod_insensitive>
		<entailment type="direct">yes</entailment>
	</edge>
	<edge target="530848.txt_1_1" source="3.txt_1_0" id="530848.txt_1_1-3.txt_1_0">
		<entailment_mod_insensitive> </entailment_mod_insensitive>
		<entailment type="direct">yes</entailment>
	</edge>
	<edge target="19.txt_3_3" source="3.txt_1_0" id="19.txt_3_3-3.txt_1_0">
		<entailment_mod_insensitive> </entailment_mod_insensitive>
		<entailment type="direct">yes</entailment>
	</edge>
	<edge target="6.txt_7_0" source="3.txt_1_0" id="6.txt_7_0-3.txt_1_0">
		<entailment_mod_insensitive> </entailment_mod_insensitive>
		<entailment type="direct">yes</entailment>
	</edge>
	<edge target="272237.txt_5_0" source="3.txt_1_0" id="272237.txt_5_0-3.txt_1_0">
		<entailment_mod_insensitive> </entailment_mod_insensitive>
		<entailment type="direct">yes</entailment>
	</edge>
	<edge target="26.txt_1_1" source="3.txt_1_0" id="26.txt_1_1-3.txt_1_0">
		<entailment_mod_insensitive> </entailment_mod_insensitive>
		<entailment type="direct">yes</entailment>
	</edge>
	<edge target="7.txt_1_0" source="30.txt_1_0" id="7.txt_1_0-30.txt_1_0">
		<entailment_mod_insensitive> </entailment_mod_insensitive>
		<entailment type="direct">yes</entailment>
	</edge>
	<edge target="0.txt_1_1" source="30.txt_1_0" id="0.txt_1_1-30.txt_1_0">
		<entailment_mod_insensitive> </entailment_mod_insensitive>
		<entailment type="direct">yes</entailment>
	</edge>
	<edge target="35.txt_1_3" source="30.txt_1_0" id="35.txt_1_3-30.txt_1_0">
		<entailment_mod_insensitive> </entailment_mod_insensitive>
		<entailment type="direct">yes</entailment>
	</edge>
	<edge target="24.txt_1_0" source="30.txt_1_0" id="24.txt_1_0-30.txt_1_0">
		<entailment_mod_insensitive> </entailment_mod_insensitive>
		<entailment type="direct">yes</entailment>
	</edge>
	<edge target="36.txt_1_0" source="30.txt_1_0" id="36.txt_1_0-30.txt_1_0">
		<entailment_mod_insensitive> </entailment_mod_insensitive>
		<entailment type="direct">yes</entailment>
	</edge>
	<edge target="3.txt_1_0" source="30.txt_1_0" id="3.txt_1_0-30.txt_1_0">
		<entailment_mod_insensitive> </entailment_mod_insensitive>
		<entailment type="direct">yes</entailment>
	</edge>
	<edge target="34.txt_1_0" source="30.txt_1_0" id="34.txt_1_0-30.txt_1_0">
		<entailment_mod_insensitive> </entailment_mod_insensitive>
		<entailment type="direct">yes</entailment>
	</edge>
	<edge target="513573.txt_1_0" source="30.txt_1_0" id="513573.txt_1_0-30.txt_1_0">
		<entailment_mod_insensitive> </entailment_mod_insensitive>
		<entailment type="direct">yes</entailment>
	</edge>
	<edge target="25.txt_1_1" source="30.txt_1_0" id="25.txt_1_1-30.txt_1_0">
		<entailment_mod_insensitive> </entailment_mod_insensitive>
		<entailment type="direct">yes</entailment>
	</edge>
	<edge target="18.txt_1_1" source="30.txt_1_0" id="18.txt_1_1-30.txt_1_0">
		<entailment_mod_insensitive> </entailment_mod_insensitive>
		<entailment type="direct">yes</entailment>
	</edge>
	<edge target="387881.txt_1_1" source="30.txt_1_0" id="387881.txt_1_1-30.txt_1_0">
		<entailment_mod_insensitive> </entailment_mod_insensitive>
		<entailment type="direct">yes</entailment>
	</edge>
	<edge target="530848.txt_1_1" source="30.txt_1_0" id="530848.txt_1_1-30.txt_1_0">
		<entailment_mod_insensitive> </entailment_mod_insensitive>
		<entailment type="direct">yes</entailment>
	</edge>
	<edge target="19.txt_3_3" source="30.txt_1_0" id="19.txt_3_3-30.txt_1_0">
		<entailment_mod_insensitive> </entailment_mod_insensitive>
		<entailment type="direct">yes</entailment>
	</edge>
	<edge target="6.txt_7_0" source="30.txt_1_0" id="6.txt_7_0-30.txt_1_0">
		<entailment_mod_insensitive> </entailment_mod_insensitive>
		<entailment type="direct">yes</entailment>
	</edge>
	<edge target="272237.txt_5_0" source="30.txt_1_0" id="272237.txt_5_0-30.txt_1_0">
		<entailment_mod_insensitive> </entailment_mod_insensitive>
		<entailment type="direct">yes</entailment>
	</edge>
	<edge target="26.txt_1_1" source="30.txt_1_0" id="26.txt_1_1-30.txt_1_0">
		<entailment_mod_insensitive> </entailment_mod_insensitive>
		<entailment type="direct">yes</entailment>
	</edge>
	<edge target="7.txt_1_0" source="34.txt_1_0" id="7.txt_1_0-34.txt_1_0">
		<entailment_mod_insensitive> </entailment_mod_insensitive>
		<entailment type="direct">yes</entailment>
	</edge>
	<edge target="0.txt_1_1" source="34.txt_1_0" id="0.txt_1_1-34.txt_1_0">
		<entailment_mod_insensitive> </entailment_mod_insensitive>
		<entailment type="direct">yes</entailment>
	</edge>
	<edge target="24.txt_1_0" source="34.txt_1_0" id="24.txt_1_0-34.txt_1_0">
		<entailment_mod_insensitive> </entailment_mod_insensitive>
		<entailment type="direct">yes</entailment>
	</edge>
	<edge target="35.txt_1_3" source="34.txt_1_0" id="35.txt_1_3-34.txt_1_0">
		<entailment_mod_insensitive> </entailment_mod_insensitive>
		<entailment type="direct">yes</entailment>
	</edge>
	<edge target="36.txt_1_0" source="34.txt_1_0" id="36.txt_1_0-34.txt_1_0">
		<entailment_mod_insensitive> </entailment_mod_insensitive>
		<entailment type="direct">yes</entailment>
	</edge>
	<edge target="3.txt_1_0" source="34.txt_1_0" id="3.txt_1_0-34.txt_1_0">
		<entailment_mod_insensitive> </entailment_mod_insensitive>
		<entailment type="direct">yes</entailment>
	</edge>
	<edge target="18.txt_1_1" source="34.txt_1_0" id="18.txt_1_1-34.txt_1_0">
		<entailment_mod_insensitive> </entailment_mod_insensitive>
		<entailment type="direct">yes</entailment>
	</edge>
	<edge target="25.txt_1_1" source="34.txt_1_0" id="25.txt_1_1-34.txt_1_0">
		<entailment_mod_insensitive> </entailment_mod_insensitive>
		<entailment type="direct">yes</entailment>
	</edge>
	<edge target="30.txt_1_0" source="34.txt_1_0" id="30.txt_1_0-34.txt_1_0">
		<entailment_mod_insensitive> </entailment_mod_insensitive>
		<entailment type="direct">yes</entailment>
	</edge>
	<edge target="387881.txt_1_1" source="34.txt_1_0" id="387881.txt_1_1-34.txt_1_0">
		<entailment_mod_insensitive> </entailment_mod_insensitive>
		<entailment type="direct">yes</entailment>
	</edge>
	<edge target="513573.txt_1_0" source="34.txt_1_0" id="513573.txt_1_0-34.txt_1_0">
		<entailment_mod_insensitive> </entailment_mod_insensitive>
		<entailment type="direct">yes</entailment>
	</edge>
	<edge target="530848.txt_1_1" source="34.txt_1_0" id="530848.txt_1_1-34.txt_1_0">
		<entailment_mod_insensitive> </entailment_mod_insensitive>
		<entailment type="direct">yes</entailment>
	</edge>
	<edge target="19.txt_3_3" source="34.txt_1_0" id="19.txt_3_3-34.txt_1_0">
		<entailment_mod_insensitive> </entailment_mod_insensitive>
		<entailment type="direct">yes</entailment>
	</edge>
	<edge target="6.txt_7_0" source="34.txt_1_0" id="6.txt_7_0-34.txt_1_0">
		<entailment_mod_insensitive> </entailment_mod_insensitive>
		<entailment type="direct">yes</entailment>
	</edge>
	<edge target="272237.txt_5_0" source="34.txt_1_0" id="272237.txt_5_0-34.txt_1_0">
		<entailment_mod_insensitive> </entailment_mod_insensitive>
		<entailment type="direct">yes</entailment>
	</edge>
	<edge target="26.txt_1_1" source="34.txt_1_0" id="26.txt_1_1-34.txt_1_0">
		<entailment_mod_insensitive> </entailment_mod_insensitive>
		<entailment type="direct">yes</entailment>
	</edge>
	<edge target="35.txt_1_1" source="35.txt_1_0" id="35.txt_1_1-35.txt_1_0">
		<entailment_mod_insensitive> </entailment_mod_insensitive>
		<entailment type="direct">yes</entailment>
	</edge>
	<edge target="35.txt_1_2" source="35.txt_1_0" id="35.txt_1_2-35.txt_1_0">
		<entailment_mod_insensitive> </entailment_mod_insensitive>
		<entailment type="direct">yes</entailment>
	</edge>
	<edge target="35.txt_1_3" source="35.txt_1_1" id="35.txt_1_3-35.txt_1_1">
		<entailment_mod_insensitive> </entailment_mod_insensitive>
		<entailment type="direct">yes</entailment>
	</edge>
	<edge target="35.txt_1_3" source="35.txt_1_2" id="35.txt_1_3-35.txt_1_2">
		<entailment_mod_insensitive> </entailment_mod_insensitive>
		<entailment type="direct">yes</entailment>
	</edge>
	<edge target="530848.txt_1_0" source="35.txt_1_2" id="530848.txt_1_0-35.txt_1_2">
		<entailment_mod_insensitive> </entailment_mod_insensitive>
		<entailment type="direct">yes</entailment>
	</edge>
	<edge target="25.txt_1_0" source="35.txt_1_2" id="25.txt_1_0-35.txt_1_2">
		<entailment_mod_insensitive> </entailment_mod_insensitive>
		<entailment type="direct">yes</entailment>
	</edge>
	<edge target="0.txt_1_1" source="35.txt_1_3" id="0.txt_1_1-35.txt_1_3">
		<entailment_mod_insensitive> </entailment_mod_insensitive>
		<entailment type="direct">yes</entailment>
	</edge>
	<edge target="25.txt_1_1" source="35.txt_1_3" id="25.txt_1_1-35.txt_1_3">
		<entailment_mod_insensitive> </entailment_mod_insensitive>
		<entailment type="direct">yes</entailment>
	</edge>
	<edge target="26.txt_1_1" source="35.txt_1_3" id="26.txt_1_1-35.txt_1_3">
		<entailment_mod_insensitive> </entailment_mod_insensitive>
		<entailment type="direct">yes</entailment>
	</edge>
	<edge target="272237.txt_5_0" source="35.txt_1_3" id="272237.txt_5_0-35.txt_1_3">
		<entailment_mod_insensitive> </entailment_mod_insensitive>
		<entailment type="direct">yes</entailment>
	</edge>
	<edge target="3.txt_1_0" source="35.txt_1_3" id="3.txt_1_0-35.txt_1_3">
		<entailment_mod_insensitive> </entailment_mod_insensitive>
		<entailment type="direct">yes</entailment>
	</edge>
	<edge target="30.txt_1_0" source="35.txt_1_3" id="30.txt_1_0-35.txt_1_3">
		<entailment_mod_insensitive> </entailment_mod_insensitive>
		<entailment type="direct">yes</entailment>
	</edge>
	<edge target="34.txt_1_0" source="35.txt_1_3" id="34.txt_1_0-35.txt_1_3">
		<entailment_mod_insensitive> </entailment_mod_insensitive>
		<entailment type="direct">yes</entailment>
	</edge>
	<edge target="36.txt_1_0" source="35.txt_1_3" id="36.txt_1_0-35.txt_1_3">
		<entailment_mod_insensitive> </entailment_mod_insensitive>
		<entailment type="direct">yes</entailment>
	</edge>
	<edge target="387881.txt_1_1" source="35.txt_1_3" id="387881.txt_1_1-35.txt_1_3">
		<entailment_mod_insensitive> </entailment_mod_insensitive>
		<entailment type="direct">yes</entailment>
	</edge>
	<edge target="513573.txt_1_0" source="35.txt_1_3" id="513573.txt_1_0-35.txt_1_3">
		<entailment_mod_insensitive> </entailment_mod_insensitive>
		<entailment type="direct">yes</entailment>
	</edge>
	<edge target="6.txt_7_0" source="35.txt_1_3" id="6.txt_7_0-35.txt_1_3">
		<entailment_mod_insensitive> </entailment_mod_insensitive>
		<entailment type="direct">yes</entailment>
	</edge>
	<edge target="7.txt_1_0" source="35.txt_1_3" id="7.txt_1_0-35.txt_1_3">
		<entailment_mod_insensitive> </entailment_mod_insensitive>
		<entailment type="direct">yes</entailment>
	</edge>
	<edge target="530848.txt_1_1" source="35.txt_1_3" id="530848.txt_1_1-35.txt_1_3">
		<entailment_mod_insensitive> </entailment_mod_insensitive>
		<entailment type="direct">yes</entailment>
	</edge>
	<edge target="18.txt_1_1" source="35.txt_1_3" id="18.txt_1_1-35.txt_1_3">
		<entailment_mod_insensitive> </entailment_mod_insensitive>
		<entailment type="direct">yes</entailment>
	</edge>
	<edge target="19.txt_3_3" source="35.txt_1_3" id="19.txt_3_3-35.txt_1_3">
		<entailment_mod_insensitive> </entailment_mod_insensitive>
		<entailment type="direct">yes</entailment>
	</edge>
	<edge target="24.txt_1_0" source="35.txt_1_3" id="24.txt_1_0-35.txt_1_3">
		<entailment_mod_insensitive> </entailment_mod_insensitive>
		<entailment type="direct">yes</entailment>
	</edge>
	<edge target="26.txt_1_1" source="35.txt_2_0" id="26.txt_1_1-35.txt_2_0">
		<entailment_mod_insensitive> </entailment_mod_insensitive>
		<entailment type="direct">yes</entailment>
	</edge>
	<edge target="7.txt_1_0" source="35.txt_2_0" id="7.txt_1_0-35.txt_2_0">
		<entailment_mod_insensitive> </entailment_mod_insensitive>
		<entailment type="direct">yes</entailment>
	</edge>
	<edge target="0.txt_1_1" source="35.txt_2_0" id="0.txt_1_1-35.txt_2_0">
		<entailment_mod_insensitive> </entailment_mod_insensitive>
		<entailment type="direct">yes</entailment>
	</edge>
	<edge target="24.txt_1_0" source="35.txt_2_0" id="24.txt_1_0-35.txt_2_0">
		<entailment_mod_insensitive> </entailment_mod_insensitive>
		<entailment type="direct">yes</entailment>
	</edge>
	<edge target="35.txt_1_3" source="35.txt_2_0" id="35.txt_1_3-35.txt_2_0">
		<entailment_mod_insensitive> </entailment_mod_insensitive>
		<entailment type="direct">yes</entailment>
	</edge>
	<edge target="36.txt_1_0" source="35.txt_2_0" id="36.txt_1_0-35.txt_2_0">
		<entailment_mod_insensitive> </entailment_mod_insensitive>
		<entailment type="direct">yes</entailment>
	</edge>
	<edge target="3.txt_1_0" source="35.txt_2_0" id="3.txt_1_0-35.txt_2_0">
		<entailment_mod_insensitive> </entailment_mod_insensitive>
		<entailment type="direct">yes</entailment>
	</edge>
	<edge target="34.txt_1_0" source="35.txt_2_0" id="34.txt_1_0-35.txt_2_0">
		<entailment_mod_insensitive> </entailment_mod_insensitive>
		<entailment type="direct">yes</entailment>
	</edge>
	<edge target="513573.txt_1_0" source="35.txt_2_0" id="513573.txt_1_0-35.txt_2_0">
		<entailment_mod_insensitive> </entailment_mod_insensitive>
		<entailment type="direct">yes</entailment>
	</edge>
	<edge target="25.txt_1_1" source="35.txt_2_0" id="25.txt_1_1-35.txt_2_0">
		<entailment_mod_insensitive> </entailment_mod_insensitive>
		<entailment type="direct">yes</entailment>
	</edge>
	<edge target="30.txt_1_0" source="35.txt_2_0" id="30.txt_1_0-35.txt_2_0">
		<entailment_mod_insensitive> </entailment_mod_insensitive>
		<entailment type="direct">yes</entailment>
	</edge>
	<edge target="18.txt_1_1" source="35.txt_2_0" id="18.txt_1_1-35.txt_2_0">
		<entailment_mod_insensitive> </entailment_mod_insensitive>
		<entailment type="direct">yes</entailment>
	</edge>
	<edge target="387881.txt_1_1" source="35.txt_2_0" id="387881.txt_1_1-35.txt_2_0">
		<entailment_mod_insensitive> </entailment_mod_insensitive>
		<entailment type="direct">yes</entailment>
	</edge>
	<edge target="530848.txt_1_1" source="35.txt_2_0" id="530848.txt_1_1-35.txt_2_0">
		<entailment_mod_insensitive> </entailment_mod_insensitive>
		<entailment type="direct">yes</entailment>
	</edge>
	<edge target="19.txt_3_3" source="35.txt_2_0" id="19.txt_3_3-35.txt_2_0">
		<entailment_mod_insensitive> </entailment_mod_insensitive>
		<entailment type="direct">yes</entailment>
	</edge>
	<edge target="6.txt_7_0" source="35.txt_2_0" id="6.txt_7_0-35.txt_2_0">
		<entailment_mod_insensitive> </entailment_mod_insensitive>
		<entailment type="direct">yes</entailment>
	</edge>
	<edge target="272237.txt_5_0" source="35.txt_2_0" id="272237.txt_5_0-35.txt_2_0">
		<entailment_mod_insensitive> </entailment_mod_insensitive>
		<entailment type="direct">yes</entailment>
	</edge>
	<edge target="5.txt_1_1" source="35.txt_2_0" id="5.txt_1_1-35.txt_2_0">
		<entailment_mod_insensitive> </entailment_mod_insensitive>
		<entailment type="direct">yes</entailment>
	</edge>
	<edge target="26.txt_1_1" source="36.txt_1_0" id="26.txt_1_1-36.txt_1_0">
		<entailment_mod_insensitive> </entailment_mod_insensitive>
		<entailment type="direct">yes</entailment>
	</edge>
	<edge target="7.txt_1_0" source="36.txt_1_0" id="7.txt_1_0-36.txt_1_0">
		<entailment_mod_insensitive> </entailment_mod_insensitive>
		<entailment type="direct">yes</entailment>
	</edge>
	<edge target="0.txt_1_1" source="36.txt_1_0" id="0.txt_1_1-36.txt_1_0">
		<entailment_mod_insensitive> </entailment_mod_insensitive>
		<entailment type="direct">yes</entailment>
	</edge>
	<edge target="24.txt_1_0" source="36.txt_1_0" id="24.txt_1_0-36.txt_1_0">
		<entailment_mod_insensitive> </entailment_mod_insensitive>
		<entailment type="direct">yes</entailment>
	</edge>
	<edge target="18.txt_1_1" source="36.txt_1_0" id="18.txt_1_1-36.txt_1_0">
		<entailment_mod_insensitive> </entailment_mod_insensitive>
		<entailment type="direct">yes</entailment>
	</edge>
	<edge target="25.txt_1_1" source="36.txt_1_0" id="25.txt_1_1-36.txt_1_0">
		<entailment_mod_insensitive> </entailment_mod_insensitive>
		<entailment type="direct">yes</entailment>
	</edge>
	<edge target="3.txt_1_0" source="36.txt_1_0" id="3.txt_1_0-36.txt_1_0">
		<entailment_mod_insensitive> </entailment_mod_insensitive>
		<entailment type="direct">yes</entailment>
	</edge>
	<edge target="30.txt_1_0" source="36.txt_1_0" id="30.txt_1_0-36.txt_1_0">
		<entailment_mod_insensitive> </entailment_mod_insensitive>
		<entailment type="direct">yes</entailment>
	</edge>
	<edge target="34.txt_1_0" source="36.txt_1_0" id="34.txt_1_0-36.txt_1_0">
		<entailment_mod_insensitive> </entailment_mod_insensitive>
		<entailment type="direct">yes</entailment>
	</edge>
	<edge target="387881.txt_1_1" source="36.txt_1_0" id="387881.txt_1_1-36.txt_1_0">
		<entailment_mod_insensitive> </entailment_mod_insensitive>
		<entailment type="direct">yes</entailment>
	</edge>
	<edge target="35.txt_1_3" source="36.txt_1_0" id="35.txt_1_3-36.txt_1_0">
		<entailment_mod_insensitive> </entailment_mod_insensitive>
		<entailment type="direct">yes</entailment>
	</edge>
	<edge target="513573.txt_1_0" source="36.txt_1_0" id="513573.txt_1_0-36.txt_1_0">
		<entailment_mod_insensitive> </entailment_mod_insensitive>
		<entailment type="direct">yes</entailment>
	</edge>
	<edge target="530848.txt_1_1" source="36.txt_1_0" id="530848.txt_1_1-36.txt_1_0">
		<entailment_mod_insensitive> </entailment_mod_insensitive>
		<entailment type="direct">yes</entailment>
	</edge>
	<edge target="19.txt_3_3" source="36.txt_1_0" id="19.txt_3_3-36.txt_1_0">
		<entailment_mod_insensitive> </entailment_mod_insensitive>
		<entailment type="direct">yes</entailment>
	</edge>
	<edge target="6.txt_7_0" source="36.txt_1_0" id="6.txt_7_0-36.txt_1_0">
		<entailment_mod_insensitive> </entailment_mod_insensitive>
		<entailment type="direct">yes</entailment>
	</edge>
	<edge target="272237.txt_5_0" source="36.txt_1_0" id="272237.txt_5_0-36.txt_1_0">
		<entailment_mod_insensitive> </entailment_mod_insensitive>
		<entailment type="direct">yes</entailment>
	</edge>
	<edge target="387881.txt_1_1" source="387881.txt_1_0" id="387881.txt_1_1-387881.txt_1_0">
		<entailment_mod_insensitive> </entailment_mod_insensitive>
		<entailment type="direct">yes</entailment>
	</edge>
	<edge target="530848.txt_1_0" source="387881.txt_1_0" id="530848.txt_1_0-387881.txt_1_0">
		<entailment_mod_insensitive> </entailment_mod_insensitive>
		<entailment type="direct">yes</entailment>
	</edge>
	<edge target="26.txt_1_1" source="387881.txt_1_1" id="26.txt_1_1-387881.txt_1_1">
		<entailment_mod_insensitive> </entailment_mod_insensitive>
		<entailment type="direct">yes</entailment>
	</edge>
	<edge target="7.txt_1_0" source="387881.txt_1_1" id="7.txt_1_0-387881.txt_1_1">
		<entailment_mod_insensitive> </entailment_mod_insensitive>
		<entailment type="direct">yes</entailment>
	</edge>
	<edge target="0.txt_1_1" source="387881.txt_1_1" id="0.txt_1_1-387881.txt_1_1">
		<entailment_mod_insensitive> </entailment_mod_insensitive>
		<entailment type="direct">yes</entailment>
	</edge>
	<edge target="24.txt_1_0" source="387881.txt_1_1" id="24.txt_1_0-387881.txt_1_1">
		<entailment_mod_insensitive> </entailment_mod_insensitive>
		<entailment type="direct">yes</entailment>
	</edge>
	<edge target="36.txt_1_0" source="387881.txt_1_1" id="36.txt_1_0-387881.txt_1_1">
		<entailment_mod_insensitive> </entailment_mod_insensitive>
		<entailment type="direct">yes</entailment>
	</edge>
	<edge target="35.txt_1_3" source="387881.txt_1_1" id="35.txt_1_3-387881.txt_1_1">
		<entailment_mod_insensitive> </entailment_mod_insensitive>
		<entailment type="direct">yes</entailment>
	</edge>
	<edge target="3.txt_1_0" source="387881.txt_1_1" id="3.txt_1_0-387881.txt_1_1">
		<entailment_mod_insensitive> </entailment_mod_insensitive>
		<entailment type="direct">yes</entailment>
	</edge>
	<edge target="34.txt_1_0" source="387881.txt_1_1" id="34.txt_1_0-387881.txt_1_1">
		<entailment_mod_insensitive> </entailment_mod_insensitive>
		<entailment type="direct">yes</entailment>
	</edge>
	<edge target="513573.txt_1_0" source="387881.txt_1_1" id="513573.txt_1_0-387881.txt_1_1">
		<entailment_mod_insensitive> </entailment_mod_insensitive>
		<entailment type="direct">yes</entailment>
	</edge>
	<edge target="25.txt_1_1" source="387881.txt_1_1" id="25.txt_1_1-387881.txt_1_1">
		<entailment_mod_insensitive> </entailment_mod_insensitive>
		<entailment type="direct">yes</entailment>
	</edge>
	<edge target="30.txt_1_0" source="387881.txt_1_1" id="30.txt_1_0-387881.txt_1_1">
		<entailment_mod_insensitive> </entailment_mod_insensitive>
		<entailment type="direct">yes</entailment>
	</edge>
	<edge target="18.txt_1_1" source="387881.txt_1_1" id="18.txt_1_1-387881.txt_1_1">
		<entailment_mod_insensitive> </entailment_mod_insensitive>
		<entailment type="direct">yes</entailment>
	</edge>
	<edge target="530848.txt_1_1" source="387881.txt_1_1" id="530848.txt_1_1-387881.txt_1_1">
		<entailment_mod_insensitive> </entailment_mod_insensitive>
		<entailment type="direct">yes</entailment>
	</edge>
	<edge target="19.txt_3_3" source="387881.txt_1_1" id="19.txt_3_3-387881.txt_1_1">
		<entailment_mod_insensitive> </entailment_mod_insensitive>
		<entailment type="direct">yes</entailment>
	</edge>
	<edge target="6.txt_7_0" source="387881.txt_1_1" id="6.txt_7_0-387881.txt_1_1">
		<entailment_mod_insensitive> </entailment_mod_insensitive>
		<entailment type="direct">yes</entailment>
	</edge>
	<edge target="272237.txt_5_0" source="387881.txt_1_1" id="272237.txt_5_0-387881.txt_1_1">
		<entailment_mod_insensitive> </entailment_mod_insensitive>
		<entailment type="direct">yes</entailment>
	</edge>
	<edge target="5.txt_1_1" source="5.txt_1_0" id="5.txt_1_1-5.txt_1_0">
		<entailment_mod_insensitive> </entailment_mod_insensitive>
		<entailment type="direct">yes</entailment>
	</edge>
	<edge target="530848.txt_1_0" source="5.txt_1_0" id="530848.txt_1_0-5.txt_1_0">
		<entailment_mod_insensitive> </entailment_mod_insensitive>
		<entailment type="direct">yes</entailment>
	</edge>
	<edge target="26.txt_1_1" source="5.txt_1_1" id="26.txt_1_1-5.txt_1_1">
		<entailment_mod_insensitive> </entailment_mod_insensitive>
		<entailment type="direct">yes</entailment>
	</edge>
	<edge target="7.txt_1_0" source="5.txt_1_1" id="7.txt_1_0-5.txt_1_1">
		<entailment_mod_insensitive> </entailment_mod_insensitive>
		<entailment type="direct">yes</entailment>
	</edge>
	<edge target="0.txt_1_1" source="5.txt_1_1" id="0.txt_1_1-5.txt_1_1">
		<entailment_mod_insensitive> </entailment_mod_insensitive>
		<entailment type="direct">yes</entailment>
	</edge>
	<edge target="24.txt_1_0" source="5.txt_1_1" id="24.txt_1_0-5.txt_1_1">
		<entailment_mod_insensitive> </entailment_mod_insensitive>
		<entailment type="direct">yes</entailment>
	</edge>
	<edge target="36.txt_1_0" source="5.txt_1_1" id="36.txt_1_0-5.txt_1_1">
		<entailment_mod_insensitive> </entailment_mod_insensitive>
		<entailment type="direct">yes</entailment>
	</edge>
	<edge target="3.txt_1_0" source="5.txt_1_1" id="3.txt_1_0-5.txt_1_1">
		<entailment_mod_insensitive> </entailment_mod_insensitive>
		<entailment type="direct">yes</entailment>
	</edge>
	<edge target="35.txt_1_3" source="5.txt_1_1" id="35.txt_1_3-5.txt_1_1">
		<entailment_mod_insensitive> </entailment_mod_insensitive>
		<entailment type="direct">yes</entailment>
	</edge>
	<edge target="34.txt_1_0" source="5.txt_1_1" id="34.txt_1_0-5.txt_1_1">
		<entailment_mod_insensitive> </entailment_mod_insensitive>
		<entailment type="direct">yes</entailment>
	</edge>
	<edge target="513573.txt_1_0" source="5.txt_1_1" id="513573.txt_1_0-5.txt_1_1">
		<entailment_mod_insensitive> </entailment_mod_insensitive>
		<entailment type="direct">yes</entailment>
	</edge>
	<edge target="25.txt_1_1" source="5.txt_1_1" id="25.txt_1_1-5.txt_1_1">
		<entailment_mod_insensitive> </entailment_mod_insensitive>
		<entailment type="direct">yes</entailment>
	</edge>
	<edge target="30.txt_1_0" source="5.txt_1_1" id="30.txt_1_0-5.txt_1_1">
		<entailment_mod_insensitive> </entailment_mod_insensitive>
		<entailment type="direct">yes</entailment>
	</edge>
	<edge target="18.txt_1_1" source="5.txt_1_1" id="18.txt_1_1-5.txt_1_1">
		<entailment_mod_insensitive> </entailment_mod_insensitive>
		<entailment type="direct">yes</entailment>
	</edge>
	<edge target="387881.txt_1_1" source="5.txt_1_1" id="387881.txt_1_1-5.txt_1_1">
		<entailment_mod_insensitive> </entailment_mod_insensitive>
		<entailment type="direct">yes</entailment>
	</edge>
	<edge target="530848.txt_1_1" source="5.txt_1_1" id="530848.txt_1_1-5.txt_1_1">
		<entailment_mod_insensitive> </entailment_mod_insensitive>
		<entailment type="direct">yes</entailment>
	</edge>
	<edge target="19.txt_3_3" source="5.txt_1_1" id="19.txt_3_3-5.txt_1_1">
		<entailment_mod_insensitive> </entailment_mod_insensitive>
		<entailment type="direct">yes</entailment>
	</edge>
	<edge target="6.txt_7_0" source="5.txt_1_1" id="6.txt_7_0-5.txt_1_1">
		<entailment_mod_insensitive> </entailment_mod_insensitive>
		<entailment type="direct">yes</entailment>
	</edge>
	<edge target="272237.txt_5_0" source="5.txt_1_1" id="272237.txt_5_0-5.txt_1_1">
		<entailment_mod_insensitive> </entailment_mod_insensitive>
		<entailment type="direct">yes</entailment>
	</edge>
	<edge target="35.txt_2_0" source="5.txt_1_1" id="35.txt_2_0-5.txt_1_1">
		<entailment_mod_insensitive> </entailment_mod_insensitive>
		<entailment type="direct">yes</entailment>
	</edge>
	<edge target="26.txt_1_1" source="513573.txt_1_0" id="26.txt_1_1-513573.txt_1_0">
		<entailment_mod_insensitive> </entailment_mod_insensitive>
		<entailment type="direct">yes</entailment>
	</edge>
	<edge target="7.txt_1_0" source="513573.txt_1_0" id="7.txt_1_0-513573.txt_1_0">
		<entailment_mod_insensitive> </entailment_mod_insensitive>
		<entailment type="direct">yes</entailment>
	</edge>
	<edge target="0.txt_1_1" source="513573.txt_1_0" id="0.txt_1_1-513573.txt_1_0">
		<entailment_mod_insensitive> </entailment_mod_insensitive>
		<entailment type="direct">yes</entailment>
	</edge>
	<edge target="24.txt_1_0" source="513573.txt_1_0" id="24.txt_1_0-513573.txt_1_0">
		<entailment_mod_insensitive> </entailment_mod_insensitive>
		<entailment type="direct">yes</entailment>
	</edge>
	<edge target="36.txt_1_0" source="513573.txt_1_0" id="36.txt_1_0-513573.txt_1_0">
		<entailment_mod_insensitive> </entailment_mod_insensitive>
		<entailment type="direct">yes</entailment>
	</edge>
	<edge target="3.txt_1_0" source="513573.txt_1_0" id="3.txt_1_0-513573.txt_1_0">
		<entailment_mod_insensitive> </entailment_mod_insensitive>
		<entailment type="direct">yes</entailment>
	</edge>
	<edge target="34.txt_1_0" source="513573.txt_1_0" id="34.txt_1_0-513573.txt_1_0">
		<entailment_mod_insensitive> </entailment_mod_insensitive>
		<entailment type="direct">yes</entailment>
	</edge>
	<edge target="35.txt_1_3" source="513573.txt_1_0" id="35.txt_1_3-513573.txt_1_0">
		<entailment_mod_insensitive> </entailment_mod_insensitive>
		<entailment type="direct">yes</entailment>
	</edge>
	<edge target="18.txt_1_1" source="513573.txt_1_0" id="18.txt_1_1-513573.txt_1_0">
		<entailment_mod_insensitive> </entailment_mod_insensitive>
		<entailment type="direct">yes</entailment>
	</edge>
	<edge target="25.txt_1_1" source="513573.txt_1_0" id="25.txt_1_1-513573.txt_1_0">
		<entailment_mod_insensitive> </entailment_mod_insensitive>
		<entailment type="direct">yes</entailment>
	</edge>
	<edge target="30.txt_1_0" source="513573.txt_1_0" id="30.txt_1_0-513573.txt_1_0">
		<entailment_mod_insensitive> </entailment_mod_insensitive>
		<entailment type="direct">yes</entailment>
	</edge>
	<edge target="387881.txt_1_1" source="513573.txt_1_0" id="387881.txt_1_1-513573.txt_1_0">
		<entailment_mod_insensitive> </entailment_mod_insensitive>
		<entailment type="direct">yes</entailment>
	</edge>
	<edge target="530848.txt_1_1" source="513573.txt_1_0" id="530848.txt_1_1-513573.txt_1_0">
		<entailment_mod_insensitive> </entailment_mod_insensitive>
		<entailment type="direct">yes</entailment>
	</edge>
	<edge target="19.txt_3_3" source="513573.txt_1_0" id="19.txt_3_3-513573.txt_1_0">
		<entailment_mod_insensitive> </entailment_mod_insensitive>
		<entailment type="direct">yes</entailment>
	</edge>
	<edge target="6.txt_7_0" source="513573.txt_1_0" id="6.txt_7_0-513573.txt_1_0">
		<entailment_mod_insensitive> </entailment_mod_insensitive>
		<entailment type="direct">yes</entailment>
	</edge>
	<edge target="272237.txt_5_0" source="513573.txt_1_0" id="272237.txt_5_0-513573.txt_1_0">
		<entailment_mod_insensitive> </entailment_mod_insensitive>
		<entailment type="direct">yes</entailment>
	</edge>
	<edge target="530848.txt_1_1" source="530848.txt_1_0" id="530848.txt_1_1-530848.txt_1_0">
		<entailment_mod_insensitive> </entailment_mod_insensitive>
		<entailment type="direct">yes</entailment>
	</edge>
	<edge target="35.txt_1_2" source="530848.txt_1_0" id="35.txt_1_2-530848.txt_1_0">
		<entailment_mod_insensitive> </entailment_mod_insensitive>
		<entailment type="direct">yes</entailment>
	</edge>
	<edge target="25.txt_1_0" source="530848.txt_1_0" id="25.txt_1_0-530848.txt_1_0">
		<entailment_mod_insensitive> </entailment_mod_insensitive>
		<entailment type="direct">yes</entailment>
	</edge>
	<edge target="35.txt_1_3" source="530848.txt_1_1" id="35.txt_1_3-530848.txt_1_1">
		<entailment_mod_insensitive> </entailment_mod_insensitive>
		<entailment type="direct">yes</entailment>
	</edge>
	<edge target="19.txt_3_3" source="530848.txt_1_1" id="19.txt_3_3-530848.txt_1_1">
		<entailment_mod_insensitive> </entailment_mod_insensitive>
		<entailment type="direct">yes</entailment>
	</edge>
	<edge target="6.txt_7_0" source="530848.txt_1_1" id="6.txt_7_0-530848.txt_1_1">
		<entailment_mod_insensitive> </entailment_mod_insensitive>
		<entailment type="direct">yes</entailment>
	</edge>
	<edge target="272237.txt_5_0" source="530848.txt_1_1" id="272237.txt_5_0-530848.txt_1_1">
		<entailment_mod_insensitive> </entailment_mod_insensitive>
		<entailment type="direct">yes</entailment>
	</edge>
	<edge target="26.txt_1_1" source="530848.txt_1_1" id="26.txt_1_1-530848.txt_1_1">
		<entailment_mod_insensitive> </entailment_mod_insensitive>
		<entailment type="direct">yes</entailment>
	</edge>
	<edge target="7.txt_1_0" source="530848.txt_1_1" id="7.txt_1_0-530848.txt_1_1">
		<entailment_mod_insensitive> </entailment_mod_insensitive>
		<entailment type="direct">yes</entailment>
	</edge>
	<edge target="0.txt_1_1" source="530848.txt_1_1" id="0.txt_1_1-530848.txt_1_1">
		<entailment_mod_insensitive> </entailment_mod_insensitive>
		<entailment type="direct">yes</entailment>
	</edge>
	<edge target="24.txt_1_0" source="530848.txt_1_1" id="24.txt_1_0-530848.txt_1_1">
		<entailment_mod_insensitive> </entailment_mod_insensitive>
		<entailment type="direct">yes</entailment>
	</edge>
	<edge target="36.txt_1_0" source="530848.txt_1_1" id="36.txt_1_0-530848.txt_1_1">
		<entailment_mod_insensitive> </entailment_mod_insensitive>
		<entailment type="direct">yes</entailment>
	</edge>
	<edge target="3.txt_1_0" source="530848.txt_1_1" id="3.txt_1_0-530848.txt_1_1">
		<entailment_mod_insensitive> </entailment_mod_insensitive>
		<entailment type="direct">yes</entailment>
	</edge>
	<edge target="34.txt_1_0" source="530848.txt_1_1" id="34.txt_1_0-530848.txt_1_1">
		<entailment_mod_insensitive> </entailment_mod_insensitive>
		<entailment type="direct">yes</entailment>
	</edge>
	<edge target="513573.txt_1_0" source="530848.txt_1_1" id="513573.txt_1_0-530848.txt_1_1">
		<entailment_mod_insensitive> </entailment_mod_insensitive>
		<entailment type="direct">yes</entailment>
	</edge>
	<edge target="25.txt_1_1" source="530848.txt_1_1" id="25.txt_1_1-530848.txt_1_1">
		<entailment_mod_insensitive> </entailment_mod_insensitive>
		<entailment type="direct">yes</entailment>
	</edge>
	<edge target="30.txt_1_0" source="530848.txt_1_1" id="30.txt_1_0-530848.txt_1_1">
		<entailment_mod_insensitive> </entailment_mod_insensitive>
		<entailment type="direct">yes</entailment>
	</edge>
	<edge target="18.txt_1_1" source="530848.txt_1_1" id="18.txt_1_1-530848.txt_1_1">
		<entailment_mod_insensitive> </entailment_mod_insensitive>
		<entailment type="direct">yes</entailment>
	</edge>
	<edge target="387881.txt_1_1" source="530848.txt_1_1" id="387881.txt_1_1-530848.txt_1_1">
		<entailment_mod_insensitive> </entailment_mod_insensitive>
		<entailment type="direct">yes</entailment>
	</edge>
	<edge target="35.txt_1_3" source="6.txt_7_0" id="35.txt_1_3-6.txt_7_0">
		<entailment_mod_insensitive> </entailment_mod_insensitive>
		<entailment type="direct">yes</entailment>
	</edge>
	<edge target="530848.txt_1_1" source="6.txt_7_0" id="530848.txt_1_1-6.txt_7_0">
		<entailment_mod_insensitive> </entailment_mod_insensitive>
		<entailment type="direct">yes</entailment>
	</edge>
	<edge target="19.txt_3_3" source="6.txt_7_0" id="19.txt_3_3-6.txt_7_0">
		<entailment_mod_insensitive> </entailment_mod_insensitive>
		<entailment type="direct">yes</entailment>
	</edge>
	<edge target="0.txt_1_1" source="6.txt_7_0" id="0.txt_1_1-6.txt_7_0">
		<entailment_mod_insensitive> </entailment_mod_insensitive>
		<entailment type="direct">yes</entailment>
	</edge>
	<edge target="18.txt_1_1" source="6.txt_7_0" id="18.txt_1_1-6.txt_7_0">
		<entailment_mod_insensitive> </entailment_mod_insensitive>
		<entailment type="direct">yes</entailment>
	</edge>
	<edge target="24.txt_1_0" source="6.txt_7_0" id="24.txt_1_0-6.txt_7_0">
		<entailment_mod_insensitive> </entailment_mod_insensitive>
		<entailment type="direct">yes</entailment>
	</edge>
	<edge target="25.txt_1_1" source="6.txt_7_0" id="25.txt_1_1-6.txt_7_0">
		<entailment_mod_insensitive> </entailment_mod_insensitive>
		<entailment type="direct">yes</entailment>
	</edge>
	<edge target="26.txt_1_1" source="6.txt_7_0" id="26.txt_1_1-6.txt_7_0">
		<entailment_mod_insensitive> </entailment_mod_insensitive>
		<entailment type="direct">yes</entailment>
	</edge>
	<edge target="272237.txt_5_0" source="6.txt_7_0" id="272237.txt_5_0-6.txt_7_0">
		<entailment_mod_insensitive> </entailment_mod_insensitive>
		<entailment type="direct">yes</entailment>
	</edge>
	<edge target="3.txt_1_0" source="6.txt_7_0" id="3.txt_1_0-6.txt_7_0">
		<entailment_mod_insensitive> </entailment_mod_insensitive>
		<entailment type="direct">yes</entailment>
	</edge>
	<edge target="30.txt_1_0" source="6.txt_7_0" id="30.txt_1_0-6.txt_7_0">
		<entailment_mod_insensitive> </entailment_mod_insensitive>
		<entailment type="direct">yes</entailment>
	</edge>
	<edge target="34.txt_1_0" source="6.txt_7_0" id="34.txt_1_0-6.txt_7_0">
		<entailment_mod_insensitive> </entailment_mod_insensitive>
		<entailment type="direct">yes</entailment>
	</edge>
	<edge target="36.txt_1_0" source="6.txt_7_0" id="36.txt_1_0-6.txt_7_0">
		<entailment_mod_insensitive> </entailment_mod_insensitive>
		<entailment type="direct">yes</entailment>
	</edge>
	<edge target="387881.txt_1_1" source="6.txt_7_0" id="387881.txt_1_1-6.txt_7_0">
		<entailment_mod_insensitive> </entailment_mod_insensitive>
		<entailment type="direct">yes</entailment>
	</edge>
	<edge target="513573.txt_1_0" source="6.txt_7_0" id="513573.txt_1_0-6.txt_7_0">
		<entailment_mod_insensitive> </entailment_mod_insensitive>
		<entailment type="direct">yes</entailment>
	</edge>
	<edge target="7.txt_1_0" source="6.txt_7_0" id="7.txt_1_0-6.txt_7_0">
		<entailment_mod_insensitive> </entailment_mod_insensitive>
		<entailment type="direct">yes</entailment>
	</edge>
	<edge target="26.txt_1_1" source="7.txt_1_0" id="26.txt_1_1-7.txt_1_0">
		<entailment_mod_insensitive> </entailment_mod_insensitive>
		<entailment type="direct">yes</entailment>
	</edge>
	<edge target="0.txt_1_1" source="7.txt_1_0" id="0.txt_1_1-7.txt_1_0">
		<entailment_mod_insensitive> </entailment_mod_insensitive>
		<entailment type="direct">yes</entailment>
	</edge>
	<edge target="18.txt_1_1" source="7.txt_1_0" id="18.txt_1_1-7.txt_1_0">
		<entailment_mod_insensitive> </entailment_mod_insensitive>
		<entailment type="direct">yes</entailment>
	</edge>
	<edge target="24.txt_1_0" source="7.txt_1_0" id="24.txt_1_0-7.txt_1_0">
		<entailment_mod_insensitive> </entailment_mod_insensitive>
		<entailment type="direct">yes</entailment>
	</edge>
	<edge target="25.txt_1_1" source="7.txt_1_0" id="25.txt_1_1-7.txt_1_0">
		<entailment_mod_insensitive> </entailment_mod_insensitive>
		<entailment type="direct">yes</entailment>
	</edge>
	<edge target="3.txt_1_0" source="7.txt_1_0" id="3.txt_1_0-7.txt_1_0">
		<entailment_mod_insensitive> </entailment_mod_insensitive>
		<entailment type="direct">yes</entailment>
	</edge>
	<edge target="30.txt_1_0" source="7.txt_1_0" id="30.txt_1_0-7.txt_1_0">
		<entailment_mod_insensitive> </entailment_mod_insensitive>
		<entailment type="direct">yes</entailment>
	</edge>
	<edge target="34.txt_1_0" source="7.txt_1_0" id="34.txt_1_0-7.txt_1_0">
		<entailment_mod_insensitive> </entailment_mod_insensitive>
		<entailment type="direct">yes</entailment>
	</edge>
	<edge target="36.txt_1_0" source="7.txt_1_0" id="36.txt_1_0-7.txt_1_0">
		<entailment_mod_insensitive> </entailment_mod_insensitive>
		<entailment type="direct">yes</entailment>
	</edge>
	<edge target="387881.txt_1_1" source="7.txt_1_0" id="387881.txt_1_1-7.txt_1_0">
		<entailment_mod_insensitive> </entailment_mod_insensitive>
		<entailment type="direct">yes</entailment>
	</edge>
	<edge target="513573.txt_1_0" source="7.txt_1_0" id="513573.txt_1_0-7.txt_1_0">
		<entailment_mod_insensitive> </entailment_mod_insensitive>
		<entailment type="direct">yes</entailment>
	</edge>
	<edge target="35.txt_1_3" source="7.txt_1_0" id="35.txt_1_3-7.txt_1_0">
		<entailment_mod_insensitive> </entailment_mod_insensitive>
		<entailment type="direct">yes</entailment>
	</edge>
	<edge target="530848.txt_1_1" source="7.txt_1_0" id="530848.txt_1_1-7.txt_1_0">
		<entailment_mod_insensitive> </entailment_mod_insensitive>
		<entailment type="direct">yes</entailment>
	</edge>
	<edge target="19.txt_3_3" source="7.txt_1_0" id="19.txt_3_3-7.txt_1_0">
		<entailment_mod_insensitive> </entailment_mod_insensitive>
		<entailment type="direct">yes</entailment>
	</edge>
	<edge target="6.txt_7_0" source="7.txt_1_0" id="6.txt_7_0-7.txt_1_0">
		<entailment_mod_insensitive> </entailment_mod_insensitive>
		<entailment type="direct">yes</entailment>
	</edge>
	<edge target="272237.txt_5_0" source="7.txt_1_0" id="272237.txt_5_0-7.txt_1_0">
		<entailment_mod_insensitive> </entailment_mod_insensitive>
		<entailment type="direct">yes</entailment>
	</edge>
</F_entailment_graph>
