<?xml version="1.0" encoding="UTF-8" standalone="yes"?>
<F_entailment_graph problem="no" nodeNum="6">
	<node implicit_focus="flight" focus="" implicit_context="" explicit_context="13764673_76463240.txt" modality="FALSE" id ="13764673_76463240.txt_1_0">
		<original_text>my played it's been delayed</original_text>
		<correct_text>my flight has been delayed</correct_text>
		<modifiers> </modifiers>
	</node>
	<node implicit_focus="" focus="flights" implicit_context="" explicit_context="13764816_82295687.txt" modality="FALSE" id ="13764816_82295687.txt_6_0">
		<original_text>flights are delete from moonport</original_text>
		<correct_text>flights are delayed from moonport</correct_text>
		<modifiers>from moonportpoz=3 4</modifiers>
	</node>
	<node implicit_focus="" focus="flights" implicit_context="" explicit_context="13764816_82295687.txt" modality="FALSE" id ="13764816_82295687.txt_6_1">
		<original_text>flights are delete</original_text>
		<correct_text>flights are delayed</correct_text>
		<modifiers> </modifiers>
	</node>
	<node implicit_focus="" focus="delays" implicit_context="" explicit_context="13764857_82650117.txt" modality="FALSE" id ="13764857_82650117.txt_1_0">
		<original_text>i've managed to get three mechanical delays on two flights</original_text>
		<correct_text></correct_text>
		<modifiers>mechanicalpoz=5</modifiers>
	</node>
	<node implicit_focus="" focus="delays" implicit_context="" explicit_context="13764857_82650117.txt" modality="FALSE" id ="13764857_82650117.txt_1_1">
		<original_text>i've managed to get three delays on two flights</original_text>
		<correct_text></correct_text>
		<modifiers> </modifiers>
	</node>
	<node implicit_focus="" focus="flight" implicit_context="" explicit_context="13765041_83666815.txt" modality="FALSE" id ="13765041_83666815.txt_1_0">
		<original_text>my flight is delayed</original_text>
		<correct_text></correct_text>
		<modifiers> </modifiers>
	</node>
	<edge target="13764816_82295687.txt_6_1" source="13764673_76463240.txt_1_0" id="13764816_82295687.txt_6_1-13764673_76463240.txt_1_0">
		<entailment_mod_insensitive> </entailment_mod_insensitive>
		<entailment type="direct">yes</entailment>
	</edge>
	<edge target="13765041_83666815.txt_1_0" source="13764673_76463240.txt_1_0" id="13765041_83666815.txt_1_0-13764673_76463240.txt_1_0">
		<entailment_mod_insensitive> </entailment_mod_insensitive>
		<entailment type="direct">yes</entailment>
	</edge>
	<edge target="13764816_82295687.txt_6_1" source="13764816_82295687.txt_6_0" id="13764816_82295687.txt_6_1-13764816_82295687.txt_6_0">
		<entailment_mod_insensitive> </entailment_mod_insensitive>
		<entailment type="direct">yes</entailment>
	</edge>
	<edge target="13764857_82650117.txt_1_1" source="13764857_82650117.txt_1_0" id="13764857_82650117.txt_1_1-13764857_82650117.txt_1_0">
		<entailment_mod_insensitive> </entailment_mod_insensitive>
		<entailment type="direct">yes</entailment>
	</edge>
	<edge target="13764673_76463240.txt_1_0" source="13764857_82650117.txt_1_1" id="13764673_76463240.txt_1_0-13764857_82650117.txt_1_1">
		<entailment_mod_insensitive> </entailment_mod_insensitive>
		<entailment type="direct">yes</entailment>
	</edge>
	<edge target="13764816_82295687.txt_6_1" source="13764857_82650117.txt_1_1" id="13764816_82295687.txt_6_1-13764857_82650117.txt_1_1">
		<entailment_mod_insensitive> </entailment_mod_insensitive>
		<entailment type="direct">yes</entailment>
	</edge>
	<edge target="13765041_83666815.txt_1_0" source="13764857_82650117.txt_1_1" id="13765041_83666815.txt_1_0-13764857_82650117.txt_1_1">
		<entailment_mod_insensitive> </entailment_mod_insensitive>
		<entailment type="direct">yes</entailment>
	</edge>
	<edge target="13764816_82295687.txt_6_1" source="13765041_83666815.txt_1_0" id="13764816_82295687.txt_6_1-13765041_83666815.txt_1_0">
		<entailment_mod_insensitive> </entailment_mod_insensitive>
		<entailment type="direct">yes</entailment>
	</edge>
	<edge target="13764673_76463240.txt_1_0" source="13765041_83666815.txt_1_0" id="13764673_76463240.txt_1_0-13765041_83666815.txt_1_0">
		<entailment_mod_insensitive> </entailment_mod_insensitive>
		<entailment type="direct">yes</entailment>
	</edge>
</F_entailment_graph>
