<?xml version="1.0" encoding="UTF-8" standalone="yes"?>
<F_entailment_graph problem="no" nodeNum="4">
	<node implicit_focus="" focus="seat" implicit_context="" explicit_context="13764759_80299358.txt" modality="FALSE" id ="13764759_80299358.txt_1_0">
		<original_text>you guys change my seat</original_text>
		<correct_text></correct_text>
		<modifiers></modifiers>
	</node>
	<node implicit_focus="seats" focus="" implicit_context="" explicit_context="13764813_81567470.txt" modality="FALSE" id ="13764813_81567470.txt_1_0">
		<original_text>the seeds or so type together</original_text>
		<correct_text>the seats are so tight together</correct_text>
		<modifiers>sopoz=3</modifiers>
	</node>
	<node implicit_focus="seats" focus="" implicit_context="" explicit_context="13764813_81567470.txt" modality="FALSE" id ="13764813_81567470.txt_1_1">
		<original_text>the seeds or type together</original_text>
		<correct_text>the seats are tight together</correct_text>
		<modifiers> </modifiers>
	</node>
	<node implicit_focus="" focus="seats" implicit_context="" explicit_context="13764829_81137701-2.txt" modality="FALSE" id ="13764829_81137701-2.txt_1_0">
		<original_text>there were no open seats</original_text>
		<correct_text></correct_text>
		<modifiers> </modifiers>
	</node>
	<edge target="13764813_81567470.txt_1_1" source="13764813_81567470.txt_1_0" id="13764813_81567470.txt_1_1-13764813_81567470.txt_1_0">
		<entailment_mod_insensitive> </entailment_mod_insensitive>
		<entailment type="direct">yes</entailment>
	</edge>
</F_entailment_graph>
